wikidata_id,name,primary_class,sitelinks,stop_eligible,wiki_extract,meters_away
Q338889,Palace of the Shirvanshahs,building,49,true,"The Palace of the Shirvanshahs (Azerbaijani: Şirvanşahlar Sarayı, Persian: کاخ شروان‌شاهان) is a 15th-century palace built by the Shirvanshahs and described by UNESCO as ""one of the pearls of Azerbaijan's architecture"". It is located in the Inner City of Baku, Azerbaijan and, together with the Maiden Tower, forms an ensemble of historic monuments inscribed under the UNESCO World Heritage List of Historical Monuments. The complex contains the main building of the palace, Divanhane, the burial-vaults, the shah's mosque with a minaret, Seyid Yahya Bakuvi's mausoleum (the so-called ""mausoleum of the dervish""), south of the palace, a portal in the east, Murad's gate, a reservoir and the remnants of a bath house. Earlier, there was an ancient mosque, next to the mausoleum. There is still ruins of the bath to the west of the tomb.
In the past, the palace was surrounded by a wall with towers and, thus, served as the inner stronghold of the Baku fortress. Despite the fact that at the present time no traces of this wall have survived on the surface, as late as the 1920s, the remains of apparently the foundations of the tower and the part of the wall connected with it could be distinguished on the north-eastern side of the palace.
There are no inscriptions that survive on the palace itself. Therefore, the time of its construction is determined by the dates in the inscriptions on the architectural monuments, which refer to the complex of the palace. Such two inscriptions were completely preserved only on the tomb and minaret of the Shah's mosque. There is the name of the ruler who ordered the establishment of these buildings in both inscriptions is the – Shirvan Khalil As time of construction – was marked on the tomb, 845 on the minaret of the Shah's mosque.
The burial vault, the palace and the mosque are built of the same material, the grating and masonry of the stone are the same.
The complex originally occupied a larger area and included rooms designated for court servants and various service functions.
The main buildings of the ensemble were built at different times. Despite this fact, these buildings are linked by unity of scale, by rhythm and proportionality of the basic architectural forms – cubic volumes of buildings, domes, portraits. The builders of the ensemble relied on the traditions of the Shirvan-Absheron architectural school.
In 1964, the palace complex was declared a museum-preserve and taken under the protection of the state. In 2000, this ensemble, along with the fortified walls of the historic part of the city and the Maiden Tower, was named a World Heritage Site.
The palace is depicted on the obverse of the Azerbaijani 10,000 manat banknote of 1994–2006 and of the 10 new manat banknote issued since 2006.",0
Q7126183,Palace Mosque,mosque,5,true,"The Palatial mosque in Baku (Persian: مسجد قصر; Azerbaijani: Saray məscidi), also known as the Palace Mosque (Persian: مسجد کاخ; Azerbaijani: Şah Məscidi; Arabic: مسجد شاه (باكو)), and Shirvanshahs Palace Mosque, is a mosque, located inside the Palace of the Shirvanshahs complex, in the Old City of Baku, Azerbaijan. The mosque was built in 845 AH (1441/1442 CE) by the Iranian Shirvanshahs.
The Palatial mosque in Baku forms part of the UNESCO World Heritage-listed Palace of the Shirvanshahs.",12.50773619
Q12841258,Keygubad Mosque,mosque,14,true,"Keyqubad məscidi — Şirvanşahlar saray kompleksinin yuxarı həyətində, Şirvanşahların saray binasının arxasında, Seyid Yəhya Bakuvi türbəsinin qarşısında yerləşən məscid. Məscid sifarişçisi olan Şirvanşah I Keyqubadın (1317–1348) adı ilə adlandırılmışdır.
Binanın dəqiq tikilmə tarixi və funksiyası mübahisə mövzusudur. Şamil Fətullayev-Fiqarov qeyd edir ki, Keyqubad məscidi daha qədim binanın bünövrələri üzərində qurulmuşdur. Məscid 1918-ci il hadisələri zamanı ermənilər tərəfindən yandırılaraq məhv edilmişdir.
Məscid düzbucaqlı ibadət zalından və onun önündəki kiçik dəhlizdən ibarətdir. Zalın mərkəzində gümbəzi saxlayan dörd sütun olmuşdur. Məscidin düzbucaqlı planına vestibüllə birlikdə portal birləşirdi. Məqbərəyə girişlə yanaşı ibadətgah zalının cənub divarında mehrab yerləşirdi.",13.07662526
Q16414684,Shirvanshah's Palace Mausoleum,monument,11,true,"Shirvanshahs' Palace Mausoleum (Persian: آرامگاه کاخ شروان‌شاهان, Azerbaijani: Şirvanşahlar sarayı türbəsi) or Tomb of the Shirvanshahs' family (Persian: آرامگاه خاندان شروان‌شاهان, Azerbaijani: Şirvanşahların ailə türbəsi) is a historical monument of the 15th century. Located in Old City, it is a part of the Palace of the Shirvanshahs complex. The mausoleum is one of three buildings in the courtyard of the complex, along with the palace mosque and the palace bath house, all build by the Iranian Shirvanshahs.
The monument was also registered as a national architectural landmark by the decision of the Cabinet of Ministers of the Republic of Azerbaijan dated August 2, 2001, No. 132. The mausoleum also forms part of the UNESCO World Heritage-listed Palace of the Shirvanshahs.",17.36308789
Q31271606,Divankhana,monument,10,true,"The Divankhana is a rotunda pavilion built on a tall stylobate in the north-west of the Shirvanshahs Palace, located in the historic Old City of Baku, in Azerbaijan. In the fifteenth century, Shirvanshah was built by order of Farrukh Yasar. Several stories describe the Divan's operation. It is believed that it served as a court, a reception hall, a government council or a tomb.
The stylistic features and the incomplete embroidery work allow the Divankhana to end at the end of the fifteenth century when the Safavid armies took Baku. The origin of the original architectural structure of the building is associated with pre-Islamic funeral ceremonies.
The Divankhana forms part of the UNESCO World Heritage-listed Palace of the Shirvanshahs.",17.36308789
Q4273786,Mausoleum of Seyid Yahya Bakuvi,monument,10,true,"The Mausoleum of Seyid Yahya Bakuvi was built in approximately 1457–1458, in the Old City of Baku, Azerbaijan. The mausoleum is located in the centre of the middle yard of the Palace of the Shirvanshahs. Among local people it is known as the mausoleum of “dervish” and was named after the philosopher and thinker Seyid Yahya Bakuvi who is buried in it.
The Mausoleum of Seyid Yahya Bakuvi forms part of the UNESCO World Heritage-listed Palace of the Shirvanshahs.",17.96286474
Q1521003,Palatial mosque in Baku,mosque,19,true,"The Palatial mosque in Baku (Persian: مسجد قصر; Azerbaijani: Saray məscidi), also known as the Palace Mosque (Persian: مسجد کاخ; Azerbaijani: Şah Məscidi; Arabic: مسجد شاه (باكو)), and Shirvanshahs Palace Mosque, is a mosque, located inside the Palace of the Shirvanshahs complex, in the Old City of Baku, Azerbaijan. The mosque was built in 845 AH (1441/1442 CE) by the Iranian Shirvanshahs.
The Palatial mosque in Baku forms part of the UNESCO World Heritage-listed Palace of the Shirvanshahs.",25.20141146
Q81913783,Old City Museum Center,museum,4,true,"Old City Museum Center or Icherisheher Museum Center (Azerbaijani: İçərişəhər Muzey Mərkəzi) is a museum in Azerbaijan. The Museum Center is a part of the State Department of the Historical and Architectural Reserve of Old City. The museum explores the architecture, life and culture of the ancient Shirvanshahs' Palace, Maiden Tower, ancient mosques, baths (Beyler Mosque, Siratagly religious-architectural complex), Baku Khans' Palace, and the Gala village. The Center collects, preserves and propagates material about the cultural monuments of the period, and holds international conferences, symposiums, themed parties, theatrical museum events at the Monuments Complex.
The fund of the Old City Museum Center includes photo negatives, applied arts, numismatics, rare books, documents, photos, graphics and archeology examples.",61.68976147
Q12848542,Chin Mosque,mosque,16,true,"The Chin Mosque (Azerbaijani: Çin məscidi; Persian: مسجد جن; Arabic: مسجد تشين), also known as the Gazi Fezlullah bin Osman Mosque, is a historical former Iranian mosque, located on Kichik Gala street, near the Palace of the Shirvanshahs, in the Old City of Baku, in Azerbaijan. Completed in the 14th century, the building is registered as a national architectural monument by the decision of the Cabinet of Ministers of the Republic of Azerbaijan dated August 2, 2001, No. 132.
No longer operating as a mosque, the building was repurposed in 2012 as a numismatic museum, part of the National Museum of History of Azerbaijan.",71.4290324
Q2559058,Baku Museum of Miniature Books,museum,16,true,"Бакинский музей миниатюрной книги — частный музей миниатюрных книжных изданий. Расположен в центре Баку, в районе Ичери-шехер на Замковой улице. С 2014 по 2016 годы музей был внесён в Книгу рекордов Гиннесса как самое большое собрание миниатюрных книг в мире. Музей работает ежедневно с 11:00 до 17:00, кроме понедельника и четверга. Вход бесплатный.",77.20876586
Q16415094,Jinn Mosque,mosque,13,true,"The Jinn Mosque (Azerbaijani: Cin məscidi, Persian: مسجد جن) is a former mosque, located on Gala turn, in the Palace of the Shirvanshahs in the Old City of Baku, in Azerbaijan.
The 14th century former mosque built by the Iranian Shirvanshahs was registered as a national architectural monument by the decision of the Cabinet of Ministers of the Republic of Azerbaijan dated August 2, 2001, No. 132. The Jin Mosque forms part of the UNESCO World Heritage-listed Palace of the Shirvanshahs.",77.20907599
Q30119475,House-Museum of Tahir Salahov,museum,10,true,"Tahir Salahov's house-museum – Memorial museum of Azerbaijani artist, Hero of Socialist Labor, USSR and Azerbaijan State Prize laureate, People's Artist of the USSR, Professor Tahir Salahov.
The museum is located in Ilyas Afandiyev Street, close to ""Icherisheher"" State Historical-Architectural Reserve.",94.37338514
Q12840111,Hajji Bani mosque,mosque,14,true,"Hacı Bani məscidi — XVI əsrə aid İçərişəhərdə yerləşən tarix-memarlıq abidəsi.
Məscid, Azərbaycan Respublikası Nazirlər Kabinetinin 2 avqust 2001-ci ildə verdiyi 132 nömrəli qərar ilə ölkə əhəmiyyətli daşınmaz tarix və mədəniyyət abidələrinin siyahısına salınıb.
Sovet işğalından sonra məsciddə ibadət dayandırılıb. Hazırda yaşayış evi kimi istifadə olunur.",95.49508276
Q12838048,Beyler Mosque,mosque,16,true,"The Beyler Mosque is a former Shia Islam mosque and historic architectural monument which is located in the Old City of Baku, opposite the “Murad” Gate of the Shirvanshah Palace Complex, in Azerbaijan. 
According to the order of the Cabinet of Ministers of Azerbaijan on historical and cultural monuments, the Beyler Mosque has been included to the list of historical and cultural monument of national importance. 
Restored and repurposed, the former mosque has housed the Museum of Sacred Relics since 2016.",96.47323196
Q106169267,Museum of Sacred Relics,museum,6,true,"Музей Священных Реликвий (азерб. Müqəddəs Əmanətlər Muzeyi) — музей, расположенный в мечети Бейляр в Ичеришехер. В музее, начавшем действовать в мечети после реставрации и консервации, демонстрируются образцы Корана, являющегося священной реликвией исламской религии, старинные книги различных периодов, а также образцы прикладного искусства, связанные с богослужением.",97.9875642
Q21012753,Hajji Heybat mosque,mosque,14,true,"The Haji Heybat mosque (Azerbaijani: Hacı Heybət məscidi) is a former mosque, located on Kichik Gala street, in the Old City of Baku, in Azerbaijan.
The mosque was built in 1206 AH (1791/1792 CE), designed by architect Hаji Hеybat Amir Ali оghlu.",123.37963993
Q12847654,Khidir Mosque,mosque,14,true,"The Khidir Mosque (Azerbaijani: Xıdır Məscidi, Persian: مسجد خدیر) is a former mosque, located on Muslim Magomayev street, in the Old City of Baku, in Azerbaijan. Completed in the 14th century by the Iranian Shirvanshahs, the building was registered as a national architectural monument by the decision of the Cabinet of Ministers of the Republic of Azerbaijan dated August 2, 2001, No. 132.",132.09521638
Q2427287,Icheri Sheher,building,18,false,"Icherisheher (Azerbaijani: İçәrişәhәr, Inner City), formerly known as Baku Soviet (Azerbaijani: Bakı Soveti) is a subway station on Red Line (Line 1) of the Baku Metro. It was opened on 6 November 1967 as one of the first 5 stations in Baku. Regular traffic started from 25 November 1967. The station was called Baki Soveti until 2007.  In April 2007 station was renamed ""Icherisheher"" according to the resolution of Cabinet of Ministers of Azerbaijan. Icherisheher station is located nearby to Four Seasons Hotel Baku.",137.1704509
Q1535049,Muhammad Mosque,mosque,23,true,"The Muhammad Mosque or Siniggala Mosque is a former mosque, located in the Old City of Baku, Azerbaijan. The mosque was built in the 11th century.
It is the first building in Azerbaijan, which is related to Islam and dated for its architectural ligature.",139.87676706
Q12839813,Gileyli Mosque,mosque,12,true,"The Gileyli Mosque (Azerbaijani: Gileyli Məscidi, Persian: مسجد گیلیلی) or Jomard Garay Mosque (Azerbaijani: Comərd Gəray Məscidi, Persian: مسجد جومارد گرای) is a mosque, located on Mirza Mansur street in the Old City of Baku in Azerbaijan. Completed in 1309 by the Iranian Shirvanshahs, the building was registered as a national architectural monument by the Cabinet of Ministers of the Republic of Azerbaijan on August 2, 2001, No. 132.",150.75036025
Q123692020,Ədibin evi,museum,4,true,"Ədibin evi və ya Mir Cəlal Paşayevin ev muzeyi — Azərbaycan yazıçısı Mir Cəlal Paşayevin Bakıda, İçərişəhərdə yerləşən ev-muzeyi.
Muzey 2017-ci il aprelin 27-də Mir Cəlal Paşayevin yaşadığı İçərişəhərdəki binada açılıb. Yazıçı bu evdə 1920–1940-cı illərdə yaşayıb. Paşayevin 109 illik yubileyi münasibətilə yazıçının ailəsi evi təmir etdirib. Məhz bu evdə yazıçı ""Bir gəncin manifesti"", ""Dirilən adam"", ""Füzuli sənətkarlığı"" elmi əsərini və bəzi satirik hekayələrini yazıb. Muzeydə yazıçının fotolarından ibarət sərgi, eləcə də onun kitabları nümayiş etdirilir.",174.76274985
Q6869733,Baku fortress,architectural structure,12,true,"Baku Fortress (Azerbaijani: Bakı Qalası, Persian: قلعه باکو) is a medieval building in Baku, Azerbaijan, the largest of Absheron fortresses. The fortress consists of the Icheri Sheher and the walls and towers surrounding it, and it was included by UNESCO into the World Cultural Heritage List in 2000.
It was built in about 1138–1139 on the order of the Iranian Shirvanshah Manuchohr III (1120–1149).
Based on traveler's illustrations and photos of the 19th century, the fortress consisted of a double wall. The first wall was built by the Shirvanshah III Manuchohr, and the second wall was built during the time of Shirvanshah Akhsitan I.
However, the second fortress walls were destroyed during the reign of Russia in Azerbaijan. The first fortress wall still remains. Baku Fortress has two gates. One of them opened to the Caspian Sea and the other to land.
The city walls, which had a height of 8–12 meters and a width of 3.5 meters, provided for Baku's security. In the Middle Ages, the fortress walls were 1500 meters long and now the walls are 500 meters long.
In the northern part of the fortress, there is the main tower - quadrangular castle. This fortress is called ""armory"" in the nation's etiology.
The peculiarity of the armory is that, despite being a defensive unit, builders have strengthened the wall by raising it in the center of the fortress wall, not in the center of the city.",175.37055986
Q29854113,Kichik Gala street,architectural structure,4,true,"Улица Кичик Гала (азерб. Kiçik Qala küçəsi — Малая Крепостная) — улица в Баку, в Старом городе (Ичери-шехер), от улицы Асафа Зейналлы у Сальянских ворот до улицы Бёюк Гала (Большая Крепостная) у Шемахинских ворот.",178.33546831
Q25540504,Building of the Executive Authority of the Baku City,building,7,true,"The Building of Baku City Executive Power is an administrative building in Azerbaijan's capital Baku, at Istiglaliyyat Street, 4. The building was built in Baroque style in 1900–1904 on the basis of Polish architect Józef Gosławski's project. The building is the last work of Gosławski. After his death in 1904, the project was initially led by Kazimierz Skórewicz, later by the Polish architect  Józef Płoszko.
The building was constructed on the order of Baku Duma and is currently being used by executive authority of Baku. The building is registered as a national architectural monument by the decision of the Cabinet of Ministers of Azerbaijan dated 2 August 2001, No. 132.",179.52200161
Q12849537,Sheikh Ibrahim Mosque,mosque,15,true,"The Sheikh Ibrahim Mosque (Azerbaijani: Şeyx İbrahim Məscidi, Persian: مسجد شیخ ابراهیم) is a historical mosque, located on Asaf Zeynalli Street, in the Old City of Baku, in Azerbaijan.
Completed in the 15th century by the Iranian Shirvanshahs, the mosque was designated as an important immovable historical and cultural monument in Azerbaijan by the decision of the Cabinet of Ministers of the Republic of Azerbaijan on August 2, 2001, with the number 132.
During the Soviet occupation, worship in the mosque was halted. Currently, the building of the mosque houses a madrasa, where educational activities are conducted, located near the Jumu'ah Mosque.",189.46778545
Q14814854,Agha Mikayil Bath,building,11,true,"Баня Ага Микаила (азерб. Ağa Mİkayıl hamamı) — старинная баня, расположенная в исторической части города Баку (Азербайджан), Ичери-шехере, в юго-западной части крепости, на улице Кичик Гала (Малая Крепостная), напротив крепостных стен. Построена в XVIII веке
Баня была построена жителем Шемахи Гаджи Ага Микаилом, в квартале, который до сих пор известен в народе под названием «Квартал банщиков». Вход в баню расположен со стороны улицы Малая Крепостная. В отличие от других бань в Старом городе здесь внутренние помещения более просторные.
Раздевалка и купальня в плане представляют собой квадрат. Стрельчатые арки и купола разделяют общую композицию на пропорциональные ярусы. Баня имеет отличный от остальных бань Ичери-шехера дымоход.
В бане Ага Микаила проходили съёмки некоторых сцен фильма «Не та, так эта», снятого по мотивам одноимённой оперетты Узеира Гаджибекова. В связи с этим баню называют в народе и баней Мешади Ибада, главного героя комедии.
Согласно распоряжению Кабинета Министров Азербайджанской Республики об исторических и культурных памятниках баня Ага Микаила является «памятником истории и культуры национального значения»
В 2011 году согласно «Подробному Генеральному плану консервации исторического центра города Баку» Кабинета министров Азербайджана баня Ага Микаила была отреставрирована при участии местных и иностранных специалистов.",190.99081705
Q47487564,Mammadov's Residence,building,7,true,"Qəni Məmmədovun evi — Bakıda, İçərişəhərdə Asəf Zeynallı 45 ünvanında 1908-ci ildə tikilmiş 3 mərtəbəli yaşayış evi.
Tacir Qəni Məmmədova məxsus olan bina Qasımov qardaşları tərəfindən tikilib. Aprel işğalından sonra isə baxımsız qalıb.
Azərbaycan müstəqilliyini yenidən bərpa etdikdən sonra bina Azərbaycan Respublikası Nazirlər Kabinetinin 2 avqust 2001-ci ildə verdiyi 132 nömrəli qərar ilə yerli əhəmiyyətli daşınmaz tarix və mədəniyyət abidələrinin siyahısına salınıb.",207.86521932
Q4160569,Juma Mosque in Baku,mosque,22,true,"The Juma Mosque (Azerbaijani: Cümə məscidi, Persian: مسجد جمعه), also known as the Friday Mosque, is a Shia Islam mosque, located in Baku, Azerbaijan.
An inscription on the mosque mentions that “Amir Sharaf al-Din Mahmud ordered the restoration of this mosque in the month of Rajab 709 AH (1309/1310 CE)”. On the northern wall of the mosque a minaret was erected which a balcony supported by stalactites in the year of 1437. It was build under the Iranian Shirvansahs.
Located in the historic Icheri Sheher, the mosque has been rebuilt several times. The present Friday Mosque was built in 1899 under the financing of Baku philanthropist merchant Haji Shikhlali Dadashov. There are traces of a Zoroastrian temple at the site.
In the cultural life of the medieval region of Shirvan, the cathedral mosque served as a socio-cultural center.",212.63920023
Q29965119,Asef Zeynali street,architectural structure,5,true,"Улица Асафа Зейналлы (азерб. Asəf Zeynallı küçəsi) — улица в Баку, в историческом районе Ичери-шехер (Старый город), от Башенной улицы до улицы Кичик Гала. Один из главных туристических маршрутов города.",220.40153121
Q16417538,Sayyid Yahya Murtuza Mosque,mosque,12,true,"The Sayyid Yahya Murtuza mosque (Azerbaijani: Seyid Yahya Murtuza məscidi, Persian: مسجد سید یحیی مرتضی) is a historical former mosque, located on Asaf Zeynalli street, in the Old City of Baku, in Azerbaijan. Completed in the 17th century, the building was registered as a national architectural monument by the decision of the Cabinet of Ministers of the Republic of Azerbaijan dated August 2, 2001, No. 132.",225.96773293
Q106586993,Salyan Gate of Baku Fortress,architectural structure,4,true,Salyan qapısı – Bakı qalasının cənub-qərb divarında yerləşən qapıdır. Salyan darvazası Azneft meydanına açılan bağda yerləşir. Qapı günbəzvari şəkildə tağbənd formasında tikilmişdir.,229.2535961
Q20980828,Quadrangular Tower,building,8,true,"Quadrangular Tower (Azerbaijani: Dördbucaqlı qala, Persian: برج چهار گوش), or Keeper of the Fortress of Baku (Azerbaijani: Bakı qalasının donjonu, Persian: نگهبان قلعه باکو), is a stone keep built in the 14th century by the Iranian Shirvanshahs. It is part of the Old City in Baku, Azerbaijan. On August 2, 2001, the building was declared a ""national architectural monument"" by the Cabinet of Azerbaijan.",233.67183799
Q12840947,Small Caravanserai,building,7,true,"The Small Caravanserai in Baku, Azerbaijan has a square shape and an inner quadrangular courtyard with cut corners. This caravanserai was built in the 12th century. There is a long balcony which surrounds the building of the caravanserai. The north and south entrances of the caravanserai are portal-shaped. During the Middle Ages, there was a main entrance from the sea. The caravanserai has a defensive construction and two floors on the southern side.

It is a monument of national importance. The caravanserai consisted of counters from the shopping street that did not have direct communication with the courtyard. However, it is believed that there used to be a functioning Madrasah nearby which was part of the Jameh (Juma) complex and the rooms of the caravanserai were considered for students studying in Madrasah.
The caravanserai now features an ""Art garden"" which includes art galleries, several workshops of artisans and a restaurant of both national and European cuisines. 
Each room of the monument has been decorated by a different Azerbaijani artist.",233.99213754
Q16414359,The Declaration of Independence monument,monument,12,true,"The Declaration of Independence monument was erected on the Istiglaliyyat Street in honor of the Azerbaijan Democratic Republic, and was opened on May 25, 2007.  The monument is located between the buildings of the Institute of Manuscripts of the National Academy of Sciences and the Azerbaijan State Economic University. The Declaration of Independence proclaimed by the National Council of Azerbaijan on May 28, 1918 in Tiflis city, Georgia. This day is celebrated as Republic Day since May 28, 1992.",234.90453772
Q19799922,Madrasa mosque (Ichery Sheher),mosque,6,true,"Mədrəsə-məscid — Bakı şəhərinin ən qədim hissəsi İçərişəhərdə yerləşən, artıq mövcud olmayan Came məscidinin hücrə qalıqlarından biri olan və bir müddət mədrəsə-məscid kimi fəaliyyət göstərmiş, indi isə dükan olan tarixi abidə.",237.19276343
Q12840429,ANAS House-Museum of Huseyn Javid,museum,9,true,"Huseyn Javid's House Museum is a scientific research institute incorporated into the Science Department of the Azerbaijan National Academy of Sciences (ANAS). The museum was created at the house where Azerbaijani poet and playwright Huseyn Javid lived during 1920–1937.

",239.54851418
Q4306396,Independence Museum of Azerbaijan,museum,13,true,"The Independence Museum of Azerbaijan or ""Istiqlal"" Museum (Azerbaijani: İstiqlal Muzeyi) – is a museum established on 7 December 1919 in Baku – the capital of the Azerbaijan Democratic Republic. H. Mirzajamalov and I. M. Aghaoglu had a great role in the creation of the museum. Archeological finds, exemplars of rare books, objects of numismatics, jewelry, etc. were collected in the museum.
The museum was located in the building of the ADR's Parliament (at present – the building of the Institute of Manuscripts of Azerbaijan National Academy of Sciences). It is noted that, namely at that time, an attempt at making a legal document about organizing and storing museum items was undertaken. The museum existed only a year and could not realize all intended plans. It was liquidated in 1920, when Soviet power was established in Baku. Materials collected in the museum became basis for the ""Muzexcurs"" foundations and the Azerbaijan State Museum.
The second Independence Museum was established on 9 January 1991 with only 7,000 exhibits. Due to subsequent attempts and investigations of the museum's collections, the number of exhibits reached 20,000. The main goal of the museum is to highlight the national independence movement of Azerbaijan from ancient times to the present. The exposition of the museum is exhibited in six halls:
The first hall is dedicated to the history of Azerbaijan from the ancient times to the 19th century, the second hall to the history of Azerbaijan between the second half of the 19th and 20th centuries, the third hall to the national independence movement in the Southern Azerbaijan in the first half of the 20th century, the fourth hall to the history of Azerbaijan during repression and the Great Patriotic War, the fifth hall to national independence movement of Azerbaijan at the end of the 20th century and the first Karabakh War, and the sixth hall to the history of Independent Republic of Azerbaijan and activity of the national leader Heydar Aliyev.
There are masterpieces of art and architecture, maps, pictures, books, currencies and other exhibits in the Independence Museum of Azerbaijan. Many expositions and activities dedicated to historical events are held in the exposition of the museum.
The museum opens its doors during such events as the International Day for Monuments and Sites (18 April), International Museum Day (18 May) and World Tourism Day (27 September).
Free access to the museum is available for members of ICOM (International Council of Museums), museum workers, military personnel, veterans of World War II, victims of the Karabakh war and Black January.
The museum also has a children's circle called ""We are the heirs of the independence"", where children are offered a variety of tasks and told about the history of the state in entertaining form.",240.05549383
Q97223556,The House of Ramazanovs,building,5,true,"The House of Ramazanovs (Azerbaijani: Ramazanovların evi) is a 19th-century building located in the Old City of Baku, the capital of Azerbaijan. The building was completed in 1895 by order of merchant Haji Mammadkarim Ramazanov, designed in the National Romantic style by an unknown architect.",246.03979555
Q6538185,Lezgi Mosque,mosque,16,true,"Aşur məscidi və ya Ləzgi məscidi — İçəri Şəhərdə yerləşən və ölkə əhəmiyyətli abidə olan məscid.
İçərişəhərin tarixi mərkəzində Qız qalası ilə Sınıqqala məscidi arasında yerləşən qədim məscid. Məscid XIX əsrin sonu XX əsrin əvvəllərindən etibarən əsasən Dağıstandan köçmüş, xalq arasında ləzgi adlanan camaatın daha çox toplanması ilə əlaqədar olaraq Ləzgi məscidi kimi də tanınmışdır.",248.51591444
Q12843520,House-Museum of Nariman Narimanov,museum,8,true,"Дом-музей Наримана Нариманова (азерб. Nəriman Nərimanovun ev-muzeyi) — учреждение культуры Баку, мемориальный музей, посвящённый азербайджанскому писателю, врачу, председателю СНК Азербайджанской ССР Нариману Нариманову. Расположен в доме, где Нариманов жил с 1913 по 1918 год, современный адрес — улица Истиглалият, 35. Открытие музея состоялось в 1977 году. В музее выставлены личные вещи Наримана Нариманова, документы и фотографии, портреты и пр.",250.34316202
Q12842223,Molla Ahmad Mosque,mosque,14,true,"The Molla Ahmad Mosque (Azerbaijani: Molla Əhməd Məscidi, Persian: مسجد ملا احمد), also known as the Nasir ad-Din Gashtasib Mosque (Azerbaijani: Nəsir ad-Din Gəştasib Məscidi, Persian: مسجد نصیرالدین گشتاسب), is a former mosque, located on Sabir street, in the Icherisheher of Baku, the capital of Azerbaijan. Completed in 1300 CE, the former mosque was registered as a national architectural monument by the decision of the Cabinet of Ministers of the Republic of Azerbaijan dated August 2, 2001, No. 132.",252.44754007
Q29934120,Boyuk Gala Street,architectural structure,5,true,"Улица Бёюк Гала (азерб. Böyük Qala küçəsi — Большая Крепостная) — улица в Баку, в историческом районе Ичери-шехер (Старый город), от улицы Асафа Зейналлы до улицы Кичик Гала (Шемахинские ворота).
Один из главных туристических маршрутов Старого города.",253.10080464
Q19798499,Mirza Ahmed Mosque,mosque,11,true,"Mirzə Əhməd məscidi — İçərişəhərdə yerləşən XIV əsrə aid ölkə əhəmiyyətli tarix-memarlıq abidəsi, məscid.
Məscid, Azərbaycan Respublikası Nazirlər Kabinetinin 2 avqust 2001-ci ildə verdiyi 132 nömrəli qərar ilə ölkə əhəmiyyətli daşınmaz tarix və mədəniyyət abidələrinin siyahısına salınıb.
Hazırda fəaliyyət göstərmir, bağlıdır, tavanı uçub və tikili özü də qəzalı vəziyyətdədir, dağılmaq üzrədir.",253.72548575
Q344569,Old City of Baku,architectural structure,49,true,"Old City or Inner City (Azerbaijani: İçərişəhər) is the historical core of Baku, the capital of Azerbaijan. The Old City is the most ancient part of Baku, which is surrounded by walls. In 2007, the Old City had a population of about 3,000 people. In December 2000, the Old City of Baku, including the Palace of the Shirvanshahs and Maiden Tower, became the first location in Azerbaijan to be classified as a UNESCO World Heritage Site.",256.18952715
Q19799928,Takiya (Ichery Sheher),building,13,true,"Takya (Azerbaijani: Təkiyə, Persian: تکیا) is a historical monument of the 13th century by the Iranian Shirvanshahs. It is a part of Old City and located on Gazi Muhammed street, in the city of Baku, in Azerbaijan. The building was also registered as a national architectural monument by the decision of the Cabinet of Ministers of the Republic of Azerbaijan dated August 2, 2001, No. 132.",264.61504912
Q58823,Azerbaijan State Philharmonic Hall,building,17,true,"The Muslim Magomayev Azerbaijan State Academic Philharmonic Hall (Azerbaijani: Müslüm Maqomayev adına Azərbaycan Dövlət Akademik Filarmoniyası), located in Baku, is a concert hall in Azerbaijan. Since 2006 Murad Adigozalzade is the director of the Azerbaijan State Academic Philharmonic Hall.
The building was designed by Gabriel Ter-Mikelov, an architect of Armenian descent, and was constructed in 1910–1912.",266.98137983
Q14814260,Gasim bey Bath,building,9,true,"The Gasim bey Bath, built in the 17th century, is a medieval monument of national importance. Also named Sweet Bath for the sweets served to bathers with their tea, it is located near the Salyan gates of the fortress, Icheri Sheher, Azerbaijan.
The bath has a traditional design, with an entrance hall, a cloakroom, baths, swimming pools and a boiler-house. Cross-shaped domes are in the dressing room and swimming pool. They were located on the sides of rooms with their chambers. Ceramic tubes were located in the walls and under the floor for supplying water and heating.
In 1970, the bath was reconstructed, and turned into a pharmacy known as the “Green Pharmacy”.",273.77969913
Q4189918,Ismailiyya building,building,16,true,"The Ismailiyya Palace (Azerbaijani: İsmailiyyə Sarayı, Polish: Pałac Ismailia) is a historical building that currently serves as the Presidium of the Academy of Sciences of Azerbaijan. It is on Istiglaliyyat Street in Baku. The palace was constructed for a Charity Society by Polish architect Józef Płoszko, at the expense of the millionaire Musa Naghiyev in commemoration of his deceased son Ismayil, and was named Ismailiyya after him.
Construction began in 1908 and ended in 1913.",275.10040089
Q2879959,Haji Gayib’s bathhouse,building,10,true,"Haji Gayib's bathhouse – is an ancient fortress construction near a coastal side of Icheri Sheher.
Haji Gayib's bathhouse is located in the Baku  quarter of Icheri Sheher, opposite the Maiden Tower. The history of the bathhouse is dated back to the 15th century.
The intake portal of the bathhouse is rectangular shaped. The whole complex of the bathhouse is divided into 3 groups: dressing room, changing room and a bathing area. The dressing and changing rooms have octagonal halls, surrounded by small rooms. Vaults and domes have various figured outlines and were implemented thoroughly. There is a pool with warm and cold water in the centre of the hall. The floors are covered with stone plates. Heating is promoted by ceramic pipes or channels under the floors of the rooms. Warm air, produced by water heating, circulates along these channels.",279.51158935
Q29994839,Sabir Street,architectural structure,4,true,"Улица Сабира (азерб. Sabir küçəsi) — улица в Баку, в историческом районе Ичери-шехер (Старый город), объекте всемирного наследия (№ 958 в списке).",282.1620664
Q12837474,Bazar Square,building,11,true,"Bazar square (Azerbaijani: Bazar meydanı; Persian: میدان بازار) or Khanagah complex (Azerbaijani: Xanəgah kompleksi; Persian: مجموعه خانقاه) is a historic religious-architectural complex with arcade of the 12-13th centuries by the Iranian Shirvanshahs. It is a part of Old City and located on Kichik Gala street, in the city of Baku, in Azerbaijan. It was also registered as a national architectural monument by the decision of the Cabinet of Ministers of the Republic of Azerbaijan dated August 2, 2001, No. 132.
The complex was discovered during archeological excavations carried out in 1964 on the northern side of the Maiden Tower. 

",286.50645607
Q4421712,Mirza Alakbar Sabir Garden,architectural structure,6,true,"Mirza Alakbar Sabir Garden (or simply Sabir's Garden) is one of the gardens located in the Sabail district of Baku. The garden named after the famous Azerbaijani satirical poet Mirza Alakbar Sabir. It is bordered by the fortress wall of the Icheri Sheher in the south, Istiglaliyyat Street in the north, the Constitutional Court in the east, and the Institute of Manuscripts in the west which known as the Ismailiyya. The statue of Mirza Alakbar Sabir has been erected in the garden.
The garden was erected by the sculptor H.Aleskerov in the area of ""Kaspi"" publishing house in the 20s of the last century. The formation of the garden took place gradually. A statue of Sabir was erected near the fortress wall in 1922. In the 50s, the area of the park considerably expanded, the garden landscaped and greened. In this regard, putting a new and monumental statue to the poet was actualized. In 1958, the sculptor Jalal Garyaghdi, architects H. Alizadeh and E. Ismayilov worked together on the statue. The statue was placed in the center of the garden.
Historical monuments around the garden are also of great importance. In recent years, the park has been renovated. 

",293.20662845
Q12847518,Khanlar Mosque,mosque,11,true,"The Khanlar Mosque (Azerbaijani: Xanlar məscidi) is a former mosque and historical architectural monument, located on Firdousy Street, in the Old City of Baku, Azerbaijan.
Completed at the end of the 19th century, the former mosque was designated as a nationally significant immovable historical and cultural monument by the decision No. 132 of the Cabinet of Ministers of the Republic of Azerbaijan on August 2, 2001.
After the Soviet occupation, the mosque ceased its religious activities and is currently used as a residential building.",294.10480627
Q12848886,Two-Storeyed Caravanserai,building,8,true,"Two-storeyed caravanserai (Azerbaijani: İkimərtəbəli karvansara) or Gasim bey caravanserai (Azerbaijani: Qasım bəy karvansarası) is a historic monument of the XV century. It is a part of Old City and located on Hagigat Rzayeva street, in the city of Baku, in Azerbaijan. The building was also registered as a national architectural monument by the decision of the Cabinet of Ministers of the Republic of Azerbaijan dated August 2, 2001, No. 132.",299.28319699
Q4343255,Monument to Mirza Alakbar Sabir,monument,6,true,"Mirzə Ələkbər Sabirin heykəli — İçərişəhər divarlarının yaxınlığında, şair Mirzə Ələkbər Sabirin xatirəsinə ucaldılmış heykəl. Heykəltəraşı Cəlal Qaryağdı, memarı Ə. İsmayılov və Q. Əlizadədir. Heykəl 1958-ci ildə yaradılmışdır.
Şair əsərdə əlində kitab, oturmuş halda təsvir olunmuşdur.",299.7331022
Q20404595,St. Bartholomew church in Baku,building,4,true,"Müqəddəs Varfolomey kilsəsi — İçərişəhərdə mövcud olmuş, hal-hazırda isə qalıqları qalmış kilsə.
Müqəddəs Varfolomey kilsəsi 1892-ci ildə yerli xristian əhalinin bəxşişləri hesabına Həvari Varfolomeyin şəhid edildiyinə inanılan yerdə inşa edilmişdir. Kiçik kapella formalı ortodoks kilsəsinin interyerini Varfolomey və digər müqəddəslərin ikonaları bəzəyirdi. Kilsə memar İ. V. Edelin layihəsi əsasında rus kilsələrinin memarlıq üslubunda inşa edilmişdi. Kilsə Bakının ilk və ən qədim kilsəsinin özülləri üzərində inşa edilmişdi. İnanca görə, Qız qalası yaxınlığında yerləşən bu ərazidə b.e. 71-ci ilində Həvari Varfolomey yerli bütpərəstlər tərəfindən çarmıxa çəkilərək öldürülmüşdür. Kilsə 1936-cı ilə kimi fəaliyyətini davam etdirmiş, daha sonra isə dinlə mübarizə kompaniyası çərçivəsində sökülmüşdür. Müasir dövrdə Müqəddəs Varfolomeyin anım günü olan 24 iyun səhəri Bakı yeparxiyası kilsənin qalıqları olan yerdə moleben həyata keçirir. 2003-cü ildə Konstantinopol patriarxı Vorfolomey Müqəddəs Varfolomeyin qalıqlarının bir hissəsini Azərbaycan xristianlarına hədiyyə olaraq Bakıya gətirmişdir və həmin qalıqlar indi Müqəddəs Mürdaşıyan Zənənlər Kafedralında saxlanılır. Müqəddəs Varfolomey kilsəsinin qalıqları 2015-ci ildə arxeoloji abidə kimi qeydə alınmışdır.",301.94292646
Q25543409,House of Sadykhov brothers,building,5,true,"House of Sadykhov brothers — is a seven-floored historic building in Baku, at the intersection of Istiglaliyyat and Niyazi streets, opposite Philharmonic Garden. The building was registered as a monument of local significance by the decision of the Cabinet of Ministers of the Republic of Azerbaijan dated August 2, 2001, No. 132. The house of the Sadykhov brothers was built in 1910-1912 by Armenian architect Gabriel Ter-Mikelov. 
The building has different compositional structures and architectural features, elements and details of local architecture. The house of residence has a rich volume of plastic.",305.4694547
Q4155891,Palace of Happiness,building,14,true,"Дворец Мухтарова (азерб. Muxtarovun evi) — здание на улице Муртузы Мухтарова города Баку, Азербайджан.
Дворец построен в 1911—1912 годах на средства нефтепромышленника, миллионера-мецената Муртузы Мухтарова по проекту Иосифа Плошко. Мухтарову во время совершения турне по Европе с супругой очень понравилась архитектура Венеции. После поездки Мухтаров решил построить в Баку дворец в венецианском стиле. Дворец задуман и выполнен архитектором Плошко И. К., также спроектировавшим здание «Исмаилийе», в духе французской готики. В первые годы советской власти во дворце помещался клуб освобожденной тюрчанки, затем Дворец бракосочетания. На сегодняшний день дворец является одним из самых примечательных архитектурных сооружений Баку.",306.08180641
Q20573552,Baba Kuhi Bakuvi mosque,mosque,15,true,"The Baba Kuhi Bakuvi Mosque (Azerbaijani: Baba Kuhi Bakuvi məscidi) is an ancient former mosque, now in ruins, located in the Old City of Baku, the capital of Azerbaijan. Dating from the 9th–10th centuries, it is one of the oldest mosques in Baku, and is located in the historical part of Icherisheher, north of Maiden Tower. Presumably it is belonged to the Persian scholar and theologian Baba Kuhi Bakuvi.",312.28451459
Q12842301,Murad’s Gate,architectural structure,6,true,"Murad darvazası — Şirvanşahlar saray kompleksinin orta həyətinin Şərq divarında yerləşən böyük portal. Murad darvazası Şirvanşahlar saray kompleksi ərazisində XVI əsrə aid olan yeganə tikilidir. Darvaza portalının yuxarı çərçivəsində olan iki medalyon arasındakı kitabədə onun ""994-cü ildə (miladi 1585–1586) böyük və ədalətli Sultan III Muradın dövründə"" memar Əmirşah Təbrizi tərəfindən inşa edilməsi göstərilib.
Portal öz xarakteri etibarilə Divanxana və Şirvanşahlar türbəsinin portallarına oxşasa da, həm işlənmə keyfiyyəti, həm də bəzəyi baxımından onlardan geri qalır.",328.42178587
Q30116254,House-Museum of Kamil Aliyev,museum,4,true,"Kamil Əliyevin ev-muzeyi — Bakıda yerləşən ev-muzeyi.
Muzey, Kamil Əliyevin həyatının son 11 ayını yaşadığı və 83 yaşında vəfat etdiyi evdə açılmışdır. Ev muzeyi 2007-ci ildən fəaliyyətə başlamışdır. 26 oktyabr 2007-ci ildə muzeyin divarında Kamil Əliyevin xatirə lövhəsinin açılışı olmuşdur.
Muzeydə xalçaçının 127 müəllif xalçası sərgilənir. Onlar arasında rəssamın tamamlamadığı işləri də vardır.

",330.59669684
Q13668680,The House of Gubernator,building,4,true,"The Governor's House in Baku, Azerbaijan, was the Governor's abode in Baku. It was built in 1865–1867. Then, businessman Seyid Mirbabayev bought the building, leased it to the governors of the Russian Empire as the first official residence for this position.  When the governor first moved from Shamakhi to Baku, no building in the city had been designated for him.",332.00758951
Q842822,Maiden Tower,monument,48,true,"The Maiden Tower (Azerbaijani: Qız qalası, Persian: برج دختر) is a 12th-century monument in the Old City, Baku, Azerbaijan. Along with the Shirvanshahs' Palace, dated to the 15th century, it forms a group of historic monuments listed in 2001 under the UNESCO World Heritage List of Historical Monuments as cultural property, Category III. It was build, like most buildings in the Old City, by the Iranian Shirvanshahs, and is one of Azerbaijan's most distinctive national emblems, and is thus featured on Azerbaijani currency notes and official letterheads.
The Maiden Tower houses a museum, which presents the story of the historic evolution of Baku city. It also has a gift shop. The view from the roof takes in the alleys and minarets of the Old City, the Baku Boulevard, the Isa bek Hajinski House and a wide vista of the Baku Bay.
The tower is often subject to speculations about its origin. Some epics became a subject for scenarios for ballets and theatre's plays. The ballet Maiden Tower is a piece of the Azerbaijani ballet created by composer Afrasiyab Badalbeyli in 1940; a remake of the ballet was performed in 1999.
Resulting from the recession of the Caspian Sea shoreline, a strip of land emerged. This land was developed between the 9th and 15th centuries, when the walls of the old city and the palace, including the huge bastion of the Maiden Tower, were built.",332.72330055
Q4472311,Istiglaliyyat Street,architectural structure,8,true,"İstiqlaliyyət küçəsi — Bakı şəhərinin Səbail rayonu ərazisində yerləşən tarixi küçə. Küçə öz başlanğıcını indiki BMT-nin Əlliilliyi küçəsindən götürür və Əziz Əliyev küçəsində isə tamamlanır. Küçənin uzunluğu 1,3 km-dir.
XIX əsrin sonlarında Bakının genişlənməsi nəticəsində salınan ilk küçələrdən biri olan İstiqlaliyyət küçəsi , artıq 100 ildən çoxdur ki, Bakının ən gözəl və önəmli küçələrindən biridir. İçərişəhər ətrafı şəhər magistralının mühüm hissəsini təşkil edən İstiqlaliyyət küçəsinin böyük bir hissəsi həm də Bakı Şəhər Halqasına daxildir.
Bakıda ilk çoxmərtəbəli bina burada tikilmiş (Mirzəbəyovun mədaxil evi), ilk park burada salınmış (Filarmoniya bağı), ilk heykəl burada ucaldılmış (Mirzə Ələkbər Sabirin heykəli) və ilk hərbi parad bu küçədə keçirilmişdir. Küçə ilk dəfə İmperator I Nikolayın şərəfinə Nikolayevski adlandırılıb. SSRİ dövründə küçə Kommunistiçeskaya adlandırılıb. Azərbaycan müstəqillik əldə etdikdən sonra isə küçənin adı növbəti dəfə dəyişdirilərək “İstiqlaliyyət” adlandırılıb.
Memarlıq-planlaşdırma quruluşu və həcmli-məkan sistemi kimi İstiqlaliyyət küçəsi, Bakı şəhərinin özünəməxsus ensiklopedik şəhərsalma formasını təşkil edir. XIX–XX əsrin əvvəllərinin əsas memarlıq təzahürləri, indiki dövrə qədər öz stilistik cizgilərini tam olaraq qoruyub saxlamış bu bədii panoramada əksini tapmışdır. Küçədə milli-romantik, barokko və neoqotika üslublarından istifadə edilərək stilistik istiqamətlərin müxtəlifliyinin yaradılmasına baxmayaraq, küçənin inşasında klassik memarlıq üsullarına üstünlük verilmişdir.",335.69437415
Q16416097,Museum of Archaeology and Ethnography,museum,12,true,"Музей археологии и этнографии — учреждение культуры Азербайджана. Находится в столичном городе Баку, в историческом районе Старый город (Ичери-шехер), напротив Гоша Гала Гапысы.
Музей археологии и этнографии находится в подчинении Академии Наук Азербайджанской Республики.",338.23963616
Q16366447,Palace of De Boure,building,7,true,De Burun sarayı — XIX əsrdə Bakının neft milyonçularından biri olan Lev de Bur tərəfindən inşa etdirilmiş saraydır. Niyazi küçəsində (keçmiş Sadovaya) yerləşən saray 1891–1895-ci illərdə memar Nikolay fon der Nonnenin layihəsi əsasında inşa edilmişdir. Azərbaycan Dövlət Filarmoniyası ilə üzbəüz yerləşən saray binası Mircəfər Bağırovun 1951-ci ildə onu Azərbaycan Milli İncəsənət Muzeyinə verməsindən sonra bu günə kimi muzey kimi fəaliyyət göstərib. Hazırda sarayda muzeyin I korpusu yerləşir.,339.15666882
Q12842275,Multani Caravanserai,building,14,true,"The Multani Caravanserai is a caravanserai located in Baku, Azerbaijan. It was established in the 14th century and is located in the Icherisheher old town, opposite the Bukhara Caravanserai.
The caravanserai was built to house merchants from the medieval city of Multan (now in Punjab, Pakistan) who frequented the region for trade, and used this caravanserai as a stop. They included Zoroastrians, who are also believed to have erected the Ateshgah Temple in Surakhani.
The caravanserai has a square shape and the construction of the building is in an ancient style. There are many balconies around the courtyard. Now the Multani Caravanserai houses a restaurant of Azerbaijani cuisine. In 2020, restoration works were commenced on the site with a completion time of 2022.
The caravanserai has been linked to the historical relationship between Azerbaijan and Pakistan.",345.01466699
Q25536644,Bukhara Caravanserai,building,12,true,"Bukhara Caravanserai is a caravanserai located in Baku, Azerbaijan. It was erected in the late 15th century over a trade route passing through the Shamakhi Gates of the fortress. It is located in the Icherisheher old town, opposite the Multani Caravanserai, and close to the Maiden Tower. The caravanserai was harnessed as a hotel, basically catering to merchants of Central Asia.
The shape of the caravanserai building is square and surrounded by balconies and cells, and the portal is convex. The caravanserai has an octagonal courtyard as well as. The bulk of the architectural composition of the caravanserai has been formed by various arches situated around the inner courtyard.
In the year of 1964, the Bukhara Caravanserai underwent restoration works and as a result of this process, the caravanserai building was separated from its annexes built earlier, which made available to see the national monument in the background of the surrounding buildings. 

The caravanserai building houses a restaurant which serves Azerbaijan national cuisine.",345.01466699
Q2559128,National Art Museum of Azerbaijan,museum,48,true,"Azerbaijan National Museum of Art (Azerbaijani: Azərbaycan Milli İncəsənət Muzeyi) is the biggest art museum of Azerbaijan. It was founded in 1936 in Baku and in 1943 was named after Rustam Mustafayev, a prominent Azerbaijani scenic designer and theater artist. The museum consists of two 19th-century buildings standing next to each other. The museum's total collection includes over 15,000 artworks. There are over 3,000 items in 60 rooms on permanent display. About 12,000 items are kept in storage. The museum changes the exhibits periodically so that more of these artworks can be displayed temporarily.",353.04080511
Q12842450,St. Nicholas Church,building,10,true,Church of Saint Nicholas (Russian: Собор Св. Николая Чудотворца) was a Russian Orthodox Church built in Baku between 1850 and 1857.,354.08796803
Q97170891,Monolith,building,5,true,"""Monolith"" is a multi-storey building in Baku, the capital of Azerbaijan. The southern facade of the building faces Istiglaliyyat Street (formerly Kommunisticheskaya), the northern one - to Ahmed Javad Street (formerly Aligeydar Garayev), and the main eastern one - to Azerbaijan Avenue (formerly Husi Hajiyev Street).
It was built in 1940 by the architect Konstantin Senchikhin. According to the order of the Cabinet of Ministers of the Republic of Azerbaijan, ""Monolith"" is considered an architectural monument of history and culture of local significance of Azerbaijan.",354.17155451
Q12837306,Baku Khans' Palace,building,11,true,"Bakı xan sarayı və ya Bakı xanlarının evi — İçərişəhərdə yerləşən XVII–XVIII əsrlərə aid saray tipli yaşayış binaları kompleksidir. Kompleksin inşasına 1754-cü ildə Əbdülrəhim bəy və Mehdiqulu bəyin sifarişi ilə başlanılmışdır. Kompleksin ilk tikililəri Böyük Qala küçəsi boyunca tikilmiş, sonrakı yüzillik ərzində, yəni XIX əsrin sonlarına kimi həyət istiqamətində də tikililərin sayı artırılmışdır.
Bakı xan sarayının dövümüzə çatmış ilk tarixi planında beş daxili həyət ətrafında formalaşmış geniş yaşayış kompleksi əksini tapıb. Xan ailəsinə məxsus olmuş ilk böyük həyət birinci yerləşir. Onun ərazisini mərkəzində kiçik hovuzu olan bağ tutur. Kompleks ərazisinə daxil olan çoxsaylı binalardan dövrümüzə yalnız fasadı Böyük qala küçəsinə baxan tikililər və həyətdə iki müstəqil bina çatmışdır.
Bakı xan sarayı ərazisində ilk dəfə bərpa işlərinə 1985-ci ildə başlanılmış, paralel olaraq, 1985–1986-cı illərdə həm də abidə arxeolji baxımdan öyrənilmişdir. Arxeoloji tədqiqatlar zamanı kompleks ərazisindən çoxlu sayda maddi-mədəniyyət nümunələri, yeraltı su yolları və Yeraltı hamam aşkarlanmışdır. 2015-ci ildən kompleks ərazisində arxeoloji tədqiqatlar və konservasiya işlərinə başlanılmışdır. 2018-ci ildən başlayaraq Bakı xanlarının sarayı bərpa olunmaqdadır.",361.3036901
Q41504433,Azerbaijan National Education Museum,museum,7,true,"Национальный музей образования Азербайджанской Республики — музей в Баку на ул. Ниязи, 11.",367.64190581
Q41692531,Isa bey Hajinski’s House,building,7,true,"Isa bek Hajinski House or the House of Hajinski is located near the Maiden's Tower in Sabail, Baku. The architect of the House of Hajinski was Misak Ter-Krikoryants.

",385.73508156
Q30694329,Paired Fortress Gates,architectural structure,6,true,"The Paired Fortress Gates or Gosha Gala Gapysy (also sometimes called Shamakhi gates and The gates of Shah Abbas) are one of the main entrances to the  Icherisheher section of Baku, Azerbaijan. Until the end of the 19th century, the Shamakhi Gates had been the only entry to the fortress. 
After the second row of fortification walls was demolished in the late 19th century, the gates of the second row (called “Gates of Zulfugar Khan”) were moved next to the Shamakhi Gates. Since then, the Gates have been referred to as “Paired Fortress Gates”.",392.16038334
Q65275361,Underground Bath of Baku,building,8,true,"Yeraltı hamam — İçərişəhərdə yerləşən XVII əsrin əvvəllərinə aid tarix-memarlıq abidəsi. İnşasında guşə daşlarından istifadə edilən hamam kompleksi İçərişəhər ərazisinin cənub-şərqində yerləşir. Dam səthində gil-əhəng qarışıqlı məhluldan izolyasiya material kimi istifadə edilmiş, daxili divarlarda isə əhəng materialından suvaq növü kimi işlədilmişdir. Daxili divar və döşəmə materialları kimi ""gülbax"" növlü aqlay daşlardan istifadə edilmişdir.Təxminən 340 m² sahəni əhatə edən hamam kompleksinin giriş hissəsi cənub-şərq tərəfdən olmaqla (sahəsi 2.33 m2) giriş pilləkənləri şərq divarlarına tərəf istiqamətlənmişdir.
2015-ci ildə həyata keçirilmiş qazıntı işləri nəticəsində hamam kompleksinin əsas hissəsi torpaqdan təmizlənmiş, memarlıq quruluşu təyin olunmuşdur. Həmin il bəzi otaqlarda təhlükəsizlik baxımından yalnız təmizlənmə işləri aparılmamış, yalnız bərkidilmə işləri görüldükdən sonra bu il onun tam torpaqdan açılması mümkün olmuşdur. 2016-cı ildə abidənin şərq hissəsində təhlükəli olan otaqların bərkildilməsindən sonra, arxeoloji qazıntı işlərinə başlanılmışdır. Kompleksin qərb hissəsindəki sahədə qazıntıların genişlənməsi nəticəsində 3 metr dərinliyində tikinti və divar aşkar olunmuşdu.",413.683248
Q2790637,Monument to Nizami Ganjavi in Baku,monument,13,true,"The Monument to Nizami Ganjavi, a medieval Azerbaijani poet, is located in Baku in Nizami Square, at the intersection of Istiglaliyyat, Ahmad Javad, Azerbaijan and Islam Safarli streets.
The opening ceremony of the monument was held in April 1949. The sculptor of the monument was Fuad Abdurahmanov, People’s Artist of Azerbaijan.
The monument is a 6-meter-high bronze statue installed on a 9-meter high octahedral pedestal. The pedestal is of red Labrador, and elements of Azerbaijani architecture of Nizami’s epoch were used in its handling. There is an ornamental carving and faced bronze plates on the lower part of the monument. Seven plates feature scenes from Nizami's works, and one plate displays a memorial inscription.",417.08130788
Q97222958,Mitrofanov Residence,building,5,true,"Mitrofanov Residence (Azerbaijani: Mitrofanovun evi, German: Mitrofanow Residenz, Russian: Резиденция Митрофанова) is a mansion in Baku, capital of Azerbaijan. It was built by Dmitry D. Mitrofanov, a rich oil baron who employed the German architect Johann Edel as the architect for his residence. Construction took place between 1898 and 1902. The building was built in the French Renaissance Revival-style. Following the March 1918 events, the building was used by the Baku Commune. In 1919, during the short-lived Democratic Republic of Azerbaijan, the building housed the French Embassy. With the April 1920 invasion, the building was divided into apartments.",431.42952298
Q20580851,Palace of Seyid Mirbabayev,building,9,true,"The Palace of Seyid Mirbabayev is a palace in Azneft Square, Baku, Azerbaijan. It was owned by Seyid Mirbabayev, a singer who became one of the oil millionaires of Azerbaijan. The building was built in the style of French Renaissance architecture based on the architect Pavel Stern's project. The plasticity of the facade, the shape of the architectural detail, the individuality of the stone procession, the building culture have shaped the aesthetic environment in the image of the building.",460.75570235
Q2500152,Nizami Museum of Azerbaijani Literature,museum,15,true,"Nizami Gəncəvi adına Milli Azərbaycan Ədəbiyyatı muzeyi — Bakıda yerləşən elmi tədqiqat müəssisəsi. 1945-ci ildə təşkil olunmuşdur. ""Nizami Gəncəvi adına Milli Azərbaycan Ədəbiyyatı muzeyi"" Azərbaycan şairi Nizami Gəncəvinin adını daşıyır. Muzey 1959 və 1967-ci illərdə xeyli genişləndirilmiş və yenidən qurulmuşdur. Azərbaycan ədəbiyyatına və mədəniyyətinə aid materialların toplanması, tədqiqi, elmi fondlarda qorunması, ekspozisiyada və sərgilərdə nümayiş etdirilməsi ilə məşğul olur.",496.40793411
Q85997389,Fenomen Cinematography Building,building,4,true,"The Cinematography Building of Fenomen or the Puppet Theater is the first cinematographic building built in 1910 in Baku. The building was designed by Polish architect Józef Płoszko in the French Renaissance style. At present, the Azerbaijan State Puppet Theater operates in the building.",498.81742892
Q597749,Baku Puppet Theatre,building,22,true,"The Baku Puppet Theatre (Polish: Bakiński Teatr Lalek; formally Azerbaijan State Puppet Theatre named after Abdulla Shaig, Azerbaijani: Abdulla Şaiq adına Azərbaycan Dövlət Kukla Teatrı) is a puppet theatre located on Neftchiler Avenue of Baku. It was built in eclectic style in 1910 by Polish architect Józef Płoszko, initially as the ""Phenomenon"" movie theatre.
The puppets vary in size from a few centimetres to double the size of a human.",512.74769995
Q97302028,Building of bank on Tarlan Aliyarbayov Street 5,building,4,true,"Edifice of Tiflis Commercial Bank (Baku) (Azerbaijani: Tiflis kommersiya bankının binası) is a building on Tarlan Aliyarbeyov street in the Sabail district of Baku. The building housed the Baku branch of Tiflis Commercial Bank. By an order of Cabinet of Ministers of the Republic of Azerbaijan, dated with 2 August 2001, the building of the bank was taken under state protection as an architectural monument of history and culture of local significance (Inv. No. 3360).",556.95467953
Q59208803,Gara Garayev Museum,museum,6,true,"Дом-музей Кара Караева — дом-музей выдающегося азербайджанского композитора, педагога, общественного деятеля, Героя Социалистического Труда, Народного артиста СССР, депутата Верховного Совета СССР IV-IX созывов (1955-1976), академика АН Азербайджанской ССР, лауреата Государственной премии Азербайджанской ССР Кара Караева. Музей находится в ведении Министерства культуры и туризма Азербайджанской Республики.",563.23612779
Q105079015,Property of Haji Mustafa Rasulov,building,5,true,"Дом Гаджи Мустафы Расулова (азерб. Hacı Mustafa Rəsulovun mülkü) — здание, построенное Антоном Кандиновым и Никанором Твердохлебовым в 1884–1885 годах по заказу Гаджи Мустафы Расулова. До 1918 г., на первом этаже здания размещались различные магазины и склады, а на втором этаже располагалась гостиница Исламийя. Во время мартовского геноцида 1918 г. здание было подожжено армянами.Постановлением Кабинета министров Азербайджанской Республики № 132 от 2 августа 2001 года здание охраняется государством и внесена в список памятников архитектуры.",589.21356917
Q21000431,House of Scientists,building,5,true,"Alimlər evi — Azərbaycanın paytaxtı Bakı şəhərinin Neftçilər prospektində bina. Memarlığını Sadıq Dadaşov və Mikayıl Hüseynovun etdiyi binanın tikintisi 1946-cı ildə başa çatmışdır. Binanın yaxınlıqlarında Bəhram Gur heykəli yerləşir.
Bina II Dünya müharibəsindən sonrakı dövrdə Sovet Azərbaycanı memarlığının inkişafında mühüm bir mərhələ hesab edilir.",590.18920306
Q5474853,"Fountains Square, Baku",square,17,true,"Fountains Square (Azerbaijani: Fəvvarələr meydanı) is a public square in downtown Baku, capital of Azerbaijan.
The square was previously called Parapet and is often referenced as the same name now. The name of the fountains square derives from the presence of dozens of fountains throughout the square first constructed during Soviet rule of Azerbaijan.
The square is a public gathering place, especially after business hours and during the weekend. It is an attractive tourist destination with many boutiques, restaurants, shops, hotels and passage. It starts from the Istiglaliyyat Street and walls of the Icheri Sheher and stretches through Nizami Street, also called in popular culture as the Torgovaya street running parallel to Baku Boulevard. The fountains square is a location where the city authorities hold many public festivals, shows and celebrations.
In 2010, the square was renovated by Baku authorities. A ""Fountains Square"" salad has been named after the square.
Since 2013, there is an annual christmas market and charity event held at the square from December to January.",595.909958
Q16374671,House-Museum of Samad Vurgun,museum,10,true,"The House-Museum of Samad Vurgun in Azerbaijan commemorates the poet, scientist, and public figure Samad Vurgun (1906–1956), twice the State Prize Laureate Samad Vurgun's house museum is the first memorial museum created to perpetuate the memory of writers and composers in Azerbaijan. It is under the control of Ministry of Culture and Tourism of the Republic of Azerbaijan.",598.81446164
Q2559447,International Mugam Center of Azerbaijan,architectural structure,13,true,"The International Mugham Center of Azerbaijan is a center of Azerbaijani arts and music aiming to promote, preserve, and popularize the mugham genre of Azerbaijani music. It is located in Baku Boulevard, in downtown Baku.",602.94473059
Q12838332,House-Museum of Jalil Mammadguluzadeh (Baku),museum,12,true,"The house-museum of Jalil Mammadguluzadeh (Azerbaijani: Cəlil Məmmədquluzadənin ev-muzeyi) is a memorial museum of the famous Azerbaijani journalist, enlightener, writer-satirist, Jalil Mammadguluzadeh. The museum is located on Suleyman Taghizade Street, in the city of Baku, where the writer lived during 1920–1932.",621.00840792
Q12837953,Statue of Bahram Gur,monument,5,true,"Bəhram Gurun heykəli — Azərbaycanın paytaxtı Bakı şəhərində şəhər funikulyorunun qarşısında Azneft meydanında abidə və eyniadlı fontan. Abidədə Nizami Gəncəvinin ""Yeddi gözəl"" poemasının qəhrəmanı, Sasanilər sülaləsinin beşinci hökmdarı Bəhram Gurun ayağının ətrafına sarılan ilanabənzər əjdahanı qılıncla öldürməsi təsvir olunmuşdur. Bu heykəli 1959-cu ildə üç heykəltaraş - Albert Mustafayev, Qorxmaz Sücəddinov və Aslan Rüstəmov hazırlamışdır.

Bəhram Gurun heykəli 2007-ci ilin sentyabrın ortalarında Bakının ""Azneft"" meydanı yaxınlığından götürüldükdən sonra Rəssamlar İttifaqı Bədii Fondunun tunc sexində üç aya yaxın müddətdə bərpa olunduqdan sonra yerinə qaytarılmışdır. 2007-ci ilin dekabrın 15-də heykəlin bərpasından sonra açılışı olmuşdur. Bəhram Gurun heykəli 47 il əvvəl hazırlanıb və Bakıda ilk heykəlli fəvvarə hesab olunur. Heykəlin hündürlüyü 3,5 metrdir.
Yaxınlığında eyniadlı funikulyor stansiyası mövcuddur.",632.36888027
Q25394143,Yeni Avropa,building,4,true,"«Новая Европа» (азерб. Yeni Avropa) — бывшая гостиница, располагавшаяся в городе Баку (Азербайджан).
В настоящее время в здании гостиницы расположен бакинский офис российской нефтяной компании «Лукойл», современный адрес — ул. Гаджи Зейналабдина Тагиева, 13. Согласно распоряжению Кабинета министров Азербайджанской Республики, данное здание является архитектурным памятником истории и культуры местного значения Азербайджана.",633.10124754
Q30133050,House-Museum of Leopold and Mstislav Rostropovich,museum,10,true,"The House-Museum of Leopold and Mstislav Rostropovich (Azerbaijani: Leopold və Mstislav Rostropoviçlərin ev-muzeyi, Russian: Дом-музей Леопольда и Мстислава Ростроповичей) is a national memorial/museum in Baku, Azerbaijan.",635.36292242
Q12836435,Azerbaijan State Theatre of Musical Comedy,building,12,true,Azərbaycan Dövlət Akademik Musiqili Teatrı — Azərbaycan Respublikasının ən böyük musiqili teatrlarından biri. Teatr tamaşaları əsasən musiqili komediya və dram janrındadır. Böyük Vətən müharibəsi illərində teatrın işi yenidən qurulur və bu teatra Azərbaycan Dövlət Təbliğat Teatrı adı verilir.,653.07101371
Q95951669,Building of Bank on Taghiyev Street,building,4,true,"Northern Bank building or Shimal Bank building (Azerbaijani: Şimal bankının binası) is an edifice located on the Haji Zeynalabdin Tagiyev Street in the Sabail district of Baku. By the order of the Cabinet of Ministers of the Republic of Azerbaijan dated with 2 August 2001, the bank building was taken under the state protection as an architectural monument of history and culture of national importance (No. 165).",654.35803079
Q2503332,St. Gregory the Illuminator's Church,building,12,true,"Saint Gregory the Illuminator Church, commonly referred to as the Armenian Church of Baku, is a former Armenian Apostolic church near Fountains Square in central Baku, Azerbaijan. Completed in 1869, it was one of the two Armenian churches in Baku to survive the Soviet anti-religious campaign and the Nagorno-Karabakh conflict and the 1990 pogrom and exodus of Baku Armenians when it was looted. It is now the only standing Armenian monument in Baku.",667.37971997
Q110706186,Theatre of Taghiyev,building,6,true,"""Taghiyev’s Theater"" (Azerbaijani: Tağıyevin teatrı) is the first theater in Baku. It was built in 1883 at the expense of the industrialist and philanthropist Haji Zeynalabdin Taghiyev. It staged both national plays and operas, as well as the works of the world classics. Here, in January 1908, the premiere of the first Azerbaijani national opera ""Leyli and Majnun"", by Uzeyir Hajibeyov, took place.
The theater's building burned several times and was rebuilt anew. Since the late 1930s, the Azerbaijan State Drama Theater named after A. M. Azizbeyov, and since 1960 - the Theater of Musical Comedy in the name of Shikhali Kurbanov were located in its building. The theater's edifice was demolished in 1992, and the Azerbaijan State Musical Theater was later built in its place.",676.24327514
Q20578458,Palace of Zeynalabdin Taghiyev,building,9,true,"Palace of Zeynalabdin Taghiyev – Baku, H.Z. Taghiyev Street 4 (former Gorkogovskaya Street 6), previously owned by Baku millionaire Zeynalabdin Taghiyev, and now the palace building houses the National Museum of History of Azerbaijan. The building was constructed in 1893–1902 by Polish civil engineer Józef Gosławski. The palace was Taghiyev's gift for his wife Sona khanim. The building covers a whole quarter in the central part of the city and has an ancient planning structure. The main symmetrical facade has been built in the forms of Italian Renaissance.",687.19164548
Q2664428,National Museum of History of Azerbaijan,museum,40,true,"The National Museum of History of Azerbaijan (Azerbaijani: Milli Azərbaycan Tarixi Muzeyi) is the largest museum in Azerbaijan. It is located in Baku, in the former residential house of Azerbaijani oil magnate and philanthropist Haji Zeynalabdin Taghiyev. The museum was founded in 1920, following the Russian takeover of Baku, and opened to visitors in 1921. The building itself was build by Polish architect Józef Gosławski.",687.19164548