wikidata_id,name,primary_class,sitelinks,meters_away
Q4505131,Church of the Holy Virgin,building,12,66.6453108
Q29934120,Boyuk Gala Street,architectural structure,5,79.22546055
Q4160569,Juma Mosque in Baku,mosque,22,79.38784349
Q19799928,Takiya (Ichery Sheher),building,13,80.93162684
Q106169267,Museum of Sacred Relics,museum,6,87.54187993
Q12838048,Beyler Mosque,mosque,16,89.67513704
Q30119475,House-Museum of Tahir Salahov,museum,10,92.07543555
Q2879959,Haji Gayib’s bathhouse,building,10,94.62377261
Q6538185,Lezgi Mosque,mosque,16,98.6314365
Q12837474,Bazar Square,building,11,101.36687072
Q20404595,St. Bartholomew church in Baku,building,4,117.45733497
Q1535049,Muhammad Mosque,mosque,23,120.39508631
Q19798499,Mirza Ahmed Mosque,mosque,11,124.77527342
Q20573552,Baba Kuhi Bakuvi mosque,mosque,15,130.18086391
Q29965119,Asef Zeynali street,architectural structure,5,131.86989852
Q12848886,Two-Storeyed Caravanserai,building,8,132.27029553
Q47487564,Mammadov's Residence,building,7,134.0738083
Q19799922,Madrasa mosque (Ichery Sheher),mosque,6,135.31251306
Q12840947,Small Caravanserai,building,7,137.75142572
Q12842223,Molla Ahmad Mosque,mosque,14,143.62733921
Q12842301,Murad’s Gate,architectural structure,6,146.0890177
Q344569,Old City of Baku,architectural structure,49,146.95977321
Q842822,Maiden Tower,monument,48,149.37339328
Q30116254,House-Museum of Kamil Aliyev,museum,4,159.80680287
Q25536644,Bukhara Caravanserai,building,12,161.93348345
Q12842275,Multani Caravanserai,building,14,161.93348345
Q29994839,Sabir Street,architectural structure,4,172.03038997
Q31271606,Divankhana,monument,10,172.65338683
Q16414684,Shirvanshah's Palace Mausoleum,monument,11,172.65338683
Q12841258,Keygubad Mosque,mosque,14,173.14585537
Q7126183,Palace Mosque,mosque,5,173.45767101
Q12840111,Hajji Bani mosque,mosque,14,175.66953266
Q16417538,Sayyid Yahya Murtuza Mosque,mosque,12,176.21289816
Q4273786,Mausoleum of Seyid Yahya Bakuvi,monument,10,176.9364054
Q338889,Palace of the Shirvanshahs,building,49,185.21931982
Q81913783,Old City Museum Center,museum,4,188.4773591
Q16416097,Museum of Archaeology and Ethnography,museum,12,191.69313246
Q12849537,Sheikh Ibrahim Mosque,mosque,15,197.56730036
Q12847654,Khidir Mosque,mosque,14,198.90695416
Q41692531,Isa bey Hajinski’s House,building,7,200.73611583
Q12847518,Khanlar Mosque,mosque,11,202.24040428
Q1521003,Palatial mosque in Baku,mosque,19,210.36461399
Q21012753,Hajji Heybat mosque,mosque,14,210.60035767
Q12837306,Baku Khans' Palace,building,11,224.36143946
Q20980828,Quadrangular Tower,building,8,235.3218433
Q6869733,Baku fortress,architectural structure,12,243.34446386
Q12842450,St. Nicholas Church,building,10,245.8205885
Q97223556,The House of Ramazanovs,building,5,245.92802724
Q2559058,Baku Museum of Miniature Books,museum,16,254.99838361
Q12848542,Chin Mosque,mosque,16,256.55526882
Q16415094,Jinn Mosque,mosque,13,260.02412485
Q4421712,Mirza Alakbar Sabir Garden,architectural structure,6,271.83903272
Q12839813,Gileyli Mosque,mosque,12,278.71540459
Q4343255,Monument to Mirza Alakbar Sabir,monument,6,279.18117471
Q65275361,Underground Bath of Baku,building,8,284.44666606
Q30694329,Paired Fortress Gates,architectural structure,6,285.74406126
Q4189918,Ismailiyya building,building,16,295.89009821
Q12840429,ANAS House-Museum of Huseyn Javid,museum,9,298.27544648
Q4306396,Independence Museum of Azerbaijan,museum,13,299.12221254
Q14814260,Gasim bey Bath,building,9,303.00181721
Q29854113,Kichik Gala street,architectural structure,4,303.14305655
Q14814854,Agha Mikayil Bath,building,11,309.7025894
Q123692020,Ədibin evi,museum,4,309.70405463
Q16414359,The Declaration of Independence monument,monument,12,315.84083585
Q85997389,Fenomen Cinematography Building,building,4,315.97564492
Q106586993,Salyan Gate of Baku Fortress,architectural structure,4,316.00576762
Q13668680,The House of Gubernator,building,4,322.35027268
Q2427287,Icheri Sheher,building,18,322.38801195
Q597749,Baku Puppet Theatre,building,22,329.76829735
Q25540504,Building of the Executive Authority of the Baku City,building,7,348.96229844
Q97170891,Monolith,building,5,352.25389377
Q2790637,Monument to Nizami Ganjavi in Baku,monument,13,365.80044022
Q12843520,House-Museum of Nariman Narimanov,museum,8,402.314509
Q2500152,Nizami Museum of Azerbaijani Literature,museum,15,409.26285101
Q58823,Azerbaijan State Philharmonic Hall,building,17,409.79252605
Q4155891,Palace of Happiness,building,14,410.84690036
Q97302028,Building of bank on Tarlan Aliyarbayov Street 5,building,4,414.2312071
Q16374671,House-Museum of Samad Vurgun,museum,10,433.68815707
Q20580851,Palace of Seyid Mirbabayev,building,9,464.61064016
Q25543409,House of Sadykhov brothers,building,5,466.17765242
Q2559128,National Art Museum of Azerbaijan,museum,48,471.56744352
Q1817541,Alexander Nevsky Cathedral,cathedral,19,472.11055137
Q16366447,Palace of De Boure,building,7,475.9966769
Q4472311,Istiglaliyyat Street,architectural structure,8,477.61398113
Q12836435,Azerbaijan State Theatre of Musical Comedy,building,12,481.07601326
Q41504433,Azerbaijan National Education Museum,museum,7,485.59820738
Q95951669,Building of Bank on Taghiyev Street,building,4,489.52534549
Q25394143,Yeni Avropa,building,4,492.3544633
Q110706186,Theatre of Taghiyev,building,6,502.85113005
Q5474853,"Fountains Square, Baku",square,17,513.04883737
Q2664428,National Museum of History of Azerbaijan,museum,40,527.85951805
Q20578458,Palace of Zeynalabdin Taghiyev,building,9,527.85951805
Q59208803,Gara Garayev Museum,museum,6,578.68040434
Q97222958,Mitrofanov Residence,building,5,583.3827328
Q105079015,Property of Haji Mustafa Rasulov,building,5,594.381337
Q2503332,St. Gregory the Illuminator's Church,building,12,596.74212224
Q2559447,International Mugam Center of Azerbaijan,architectural structure,13,608.54832938
Q21000431,House of Scientists,building,5,631.6920466
Q21946191,House with Griffins,building,5,634.15980379
Q12837953,Statue of Bahram Gur,monument,5,671.69895286