OSM_ID,Name,Reason
n1213339328,,no_name
n1430706232,,no_name
n1470712160,,no_name
n1809805075,,no_name
n1873560690,,no_name
n1875471945,,no_name
n2048508403,,no_name
n2048517477,,no_name
n2048518872,,no_name
n2048519665,,no_name
n2048521293,,no_name
n2048521446,,no_name
n2048521502,,no_name
n2048521640,,no_name
n2099674518,,no_name
n2336972253,,no_name
n3037852618,,no_name
n3042961340,,no_name
n3174368021,,no_name
n3320806262,,no_name
n3320806263,,no_name
n3536050320,,no_name
n3536055573,,no_name
n4077032785,,no_name
n4167982033,,no_name
n4167982034,,no_name
n4358612489,,no_name
n4366727290,,no_name
n4366727891,,no_name
n4368044695,,no_name
n4375497992,,no_name
n4375497993,,no_name
n4394144989,,no_name
n4398297089,,no_name
n4402357589,,no_name
n4407680908,,no_name
n4419185189,,no_name
n4421755489,,no_name
n4422546491,,no_name
n4423366698,,no_name
n4423457491,,no_name
n4423486790,,no_name
n4423493392,,no_name
n4423542597,,no_name
n4423571492,,no_name
n4423993596,,no_name
n4423999391,,no_name
n4423999392,,no_name
n4424778008,,no_name
n4425354896,,no_name
n4425427290,,no_name
n4425428189,,no_name
n4426033307,,no_name
n4426405292,,no_name
n4427623989,,no_name
n4427647592,,no_name
n4427683689,,no_name
n4427692190,,no_name
n4427697989,,no_name
n4427698091,,no_name
n4427698092,,no_name
n4427917713,,no_name
n4427993598,,no_name
n4428001591,,no_name
n4428002392,,no_name
n4428659289,,no_name
n4429728408,,no_name
n4439055391,,no_name
n4439074290,,no_name
n4439256192,,no_name
n4440825398,,no_name
n4440850791,,no_name
n4443977489,,no_name
n4445999711,,no_name
n4458434196,,no_name
n4463502190,,no_name
n4470033195,,no_name
n4479474292,,no_name
n4483342190,,no_name
n4483906994,,no_name
n4484176090,,no_name
n4489979491,,no_name
n4491990891,,no_name
n4512306332,,no_name
n4513809090,,no_name
n4536321293,,no_name
n4539367892,,no_name
n4541934090,,no_name
n4544776297,,no_name
n4546962401,,no_name
n4550334791,,no_name
n4555582290,,no_name
n4562305690,,no_name
n4562408490,,no_name
n4562417289,,no_name
n4562417491,,no_name
n4562417689,,no_name
n4563051990,,no_name
n4563082389,,no_name
n4564271690,,no_name
n4564521598,,no_name
n4565733390,,no_name
n4565735790,,no_name
n4571033489,,no_name
n4577151402,,no_name
n4584957698,,no_name
n4586562589,,no_name
n4588696595,,no_name
n4590905998,,no_name
n4607600893,,no_name
n4610621394,,no_name
n4610621395,,no_name
n4623181689,,no_name
n4639500589,,no_name
n4641542189,,no_name
n4641880494,,no_name
n4645815291,,no_name
n4647046389,,no_name
n4647046489,,no_name
n4656391789,,no_name
n4679081091,,no_name
n4679529790,,no_name
n4680855102,,no_name
n4682084593,,no_name
n4686327290,,no_name
n4690489492,,no_name
n4690625789,,no_name
n4699254093,,no_name
n4707712189,,no_name
n4708109010,,no_name
n4714655391,,no_name
n4714655692,,no_name
n4714657789,,no_name
n4716756406,,no_name
n4722456894,,no_name
n4728030191,,no_name
n4732604021,,no_name
n4756327721,,no_name
n4756765526,,no_name
n4756765527,,no_name
n4758339328,,no_name
n4759378049,,no_name
n4779391821,,no_name
n4781409721,,no_name
n4786674131,,no_name
n4789393525,,no_name
n4791522124,,no_name
n4793739222,,no_name
n4795256922,,no_name
n4795688322,,no_name
n4795724521,,no_name
n4795724522,,no_name
n4795724621,,no_name
n4796611226,,no_name
n4802174522,,no_name
n4803011221,,no_name
n4803353722,,no_name
n4803520023,,no_name
n4803532622,,no_name
n4806112122,,no_name
n4808004523,,no_name
n4809477221,,no_name
n4809477222,,no_name
n4809738823,,no_name
n4820676621,,no_name
n4836451926,,no_name
n4836466921,,no_name
n4837607921,,no_name
n4838725221,,no_name
n4839694023,,no_name
n4841690935,,no_name
n4848831624,,no_name
n4850239321,,no_name
n4856886123,,no_name
n4856886124,,no_name
n4856886222,,no_name
n4857310422,,no_name
n4857311921,,no_name
n4868995421,,no_name
n4869651721,,no_name
n4871143821,,no_name
n4881269522,,no_name
n4893737324,,no_name
n4915489023,,no_name
n4920292521,,no_name
n4922982822,,no_name
n4931189922,,no_name
n4931442621,,no_name
n4931955321,,no_name
n4932327922,,no_name
n4934426224,,no_name
n4934493523,,no_name
n4934507425,,no_name
n4935303823,,no_name
n4935941622,,no_name
n4941229021,,no_name
n4941285521,,no_name
n4945514624,,no_name
n4949498721,,no_name
n4949509521,,no_name
n4953470721,,no_name
n4958257122,,no_name
n4959426926,,no_name
n4960420722,,no_name
n4963211822,,no_name
n4963294421,,no_name
n4973453022,,no_name
n4973454821,,no_name
n4973543021,,no_name
n4973650622,,no_name
n4974484122,,no_name
n4979411421,,no_name
n4983714321,,no_name
n4989936648,,no_name
n4990196525,,no_name
n4995604321,,no_name
n5012206526,,no_name
n5012206823,,no_name
n5012207322,,no_name
n5019133222,,no_name
n5028732522,,no_name
n5037009121,,no_name
n5059734623,,no_name
n5059734723,,no_name
n5060518021,,no_name
n5060520825,,no_name
n5064340222,,no_name
n5064600921,,no_name
n5077268041,,no_name
n5108275823,,no_name
n5110144223,,no_name
n5110144423,,no_name
n5110144425,,no_name
n5126394721,,no_name
n5129528621,,no_name
n5129528721,,no_name
n5136384123,,no_name
n5136393722,,no_name
n5136400721,,no_name
n5136649321,,no_name
n5136899721,,no_name
n5163187922,,no_name
n5177072427,,no_name
n5196503227,,no_name
n5196503228,,no_name
n5199852521,,no_name
n5199852522,,no_name
n5217390126,,no_name
n5219241321,,no_name
n5221471221,,no_name
n5223758922,,no_name
n5235855124,,no_name
n5254081721,,no_name
n5265475223,,no_name
n5265493121,,no_name
n5265493122,,no_name
n5265493123,,no_name
n5265493222,,no_name
n5265494821,,no_name
n5265495121,,no_name
n5275840521,,no_name
n5276126721,,no_name
n5282105021,,no_name
n5300339922,,no_name
n5300552721,,no_name
n5301112122,,no_name
n5320564523,,no_name
n5335256523,,no_name
n5351559849,,no_name
n5354488621,,no_name
n5354504621,,no_name
n5375099621,,no_name
n5396187923,,no_name
n5403795623,,no_name
n5403801321,,no_name
n5403801322,,no_name
n5415180426,,no_name
n5418317221,,no_name
n5514570623,,no_name
n5537874423,,no_name
n5582334822,,no_name
n5586237521,,no_name
n5596950823,,no_name
n5615254725,,no_name
n5615278421,,no_name
n5621960822,,no_name
n5659140521,,no_name
n5667821721,,no_name
n5714551922,,no_name
n5717838821,,no_name
n5724659621,,no_name
n5746367321,,no_name
n5771609855,,no_name
n5781684955,,no_name
n5807185053,,no_name
n5837042485,,no_name
n5840294985,,no_name
n5843286285,,no_name
n5846627585,,no_name
n5863979110,,no_name
n5916473795,,no_name
n5920412186,,no_name
n5973939386,,no_name
n5981612287,,no_name
n5981612485,,no_name
n5981612486,,no_name
n5981612487,,no_name
n5983669685,,no_name
n5983669686,,no_name
n5986498992,,no_name
n5999650685,,no_name
n6032006485,,no_name
n6038536887,,no_name
n6049643813,,no_name
n6080401306,,no_name
n6089285886,,no_name
n6092367685,,no_name
n6116804089,,no_name
n6129057414,,no_name
n6139952486,,no_name
n6147161485,,no_name
n6150007655,,no_name
n6165248085,,no_name
n6171139385,,no_name
n6172689186,,no_name
n6185995885,,no_name
n6187298096,,no_name
n6204769687,,no_name
n6208528685,,no_name
n6217133586,,no_name
n6222396185,,no_name
n6253600186,,no_name
n6267211587,,no_name
n6271715789,,no_name
n6275884227,,no_name
n6296385399,,no_name
n6308753585,,no_name
n6334788785,,no_name
n6355867785,,no_name
n6381161385,,no_name
n6426055106,,no_name
n6427891685,,no_name
n6438048488,,no_name
n6442166385,,no_name
n6475782486,,no_name
n6475782686,,no_name
n6512971285,,no_name
n6525268190,,no_name
n6525306987,,no_name
n6533691989,,no_name
n6533861285,,no_name
n6535662485,,no_name
n6563485385,,no_name
n6568602795,,no_name
n6572118078,,no_name
n6593051586,,no_name
n6594174688,,no_name
n6614816699,,no_name
n6627365890,,no_name
n6631946585,,no_name
n6635204693,,no_name
n6688521786,,no_name
n6688609485,,no_name
n6701009286,,no_name
n6701013085,,no_name
n6765896885,,no_name
n6767582385,,no_name
n6780114985,,no_name
n6782300186,,no_name
n6782309985,,no_name
n6873350085,,no_name
n6885008290,,no_name
n6919030886,,no_name
n6919991786,,no_name
n6997756286,,no_name
n6997802285,,no_name
n7006580086,,no_name
n7042949985,,no_name
n7074333786,,no_name
n7077395089,,no_name
n7081879685,,no_name
n7134438089,,no_name
n7233901085,,no_name
n7597803586,,no_name
n7833017485,,no_name
n7833032285,,no_name
n7899839385,,no_name
n7996701685,,no_name
n8210566017,,no_name
n8328363517,,no_name
n8600348728,,no_name
n8607249017,,no_name
n8820502217,,no_name
n8960473717,,no_name
n9367785817,,no_name
n9913919917,,no_name
n9990676617,,no_name
n10032558517,,no_name
n10087220919,,no_name
n10153393117,,no_name
n10161855217,,no_name
n10163140617,,no_name
n10998030605,,no_name
n11266857670,,no_name
n11266857871,,no_name
n11330990869,,no_name
n11330990969,,no_name
n11396627574,,no_name
n11505542869,,no_name
n11693972169,,no_name
n11773810269,,no_name
n11786395669,,no_name
n11786407469,,no_name
n11809251972,,no_name
n11809252075,,no_name
n11811347370,,no_name
n11812145981,,no_name
n11813392676,,no_name
n11813392678,,no_name
n11813630770,,no_name
n11813630969,,no_name
n11813630970,,no_name
n11813630971,,no_name
n11821277870,,no_name
n11821287873,,no_name
n11821316071,,no_name
n11821316169,,no_name
n11821316269,,no_name
n11822765069,,no_name
n11824112869,,no_name
n11861641670,,no_name
n11861916069,,no_name
n11861916169,,no_name
n11861916269,,no_name
n11862353769,,no_name
n11862435069,,no_name
n11863035588,,no_name
n11867364871,,no_name
n11869434169,,no_name
n11870958969,,no_name
n11874315069,,no_name
n11874422369,,no_name
n11874904171,,no_name
n11874904271,,no_name
n11879112868,,no_name
n11879472252,,no_name
n11883782680,,no_name
n11885900569,,no_name
n11885910869,,no_name
n11886046270,,no_name
n11886051769,,no_name
n11886051869,,no_name
n11886051969,,no_name
n11886051970,,no_name
n11886052069,,no_name
n11886052169,,no_name
n11886246769,,no_name
n11888409269,,no_name
n11888516369,,no_name
n11890689569,,no_name
n11890692869,,no_name
n11894624270,,no_name
n11895206269,,no_name
n11896978669,,no_name
n11901323369,,no_name
n12339604995,,no_name
n12339604996,,no_name
n12339604997,,no_name
n12344510207,,no_name
n12347936040,,no_name
n12358916995,,no_name
n12582465063,,no_name
n13231518301,,no_name
n13374437004,,no_name
w25402408,,no_name
w25402451,,no_name
w25402484,,no_name
w25402683,,no_name
w25405353,,no_name
w25405469,,no_name
w42799731,,no_name
w133637998,,no_name
w135542787,,no_name
w149594752,,no_name
w150102065,,no_name
w152191199,,no_name
w152617885,,no_name
w178464276,,no_name
w178464280,,no_name
w179738387,,no_name
w179738388,,no_name
w179738390,,no_name
w179775395,,no_name
w179778174,,no_name
w180350029,,no_name
w180350030,,no_name
w180350032,,no_name
w183412247,,no_name
w188589454,,no_name
w189640922,,no_name
w194380228,,no_name
w194830515,,no_name
w196536503,,no_name
w212737975,,no_name
w248970106,,no_name
w249199845,,no_name
w272020238,,no_name
w272020241,,no_name
w272020243,,no_name
w272020245,,no_name
w272020248,,no_name
w272020253,,no_name
w272020256,,no_name
w272020258,,no_name
w273101283,,no_name
w273101284,,no_name
w273101285,,no_name
w273123406,,no_name
w273322048,,no_name
w274647428,,no_name
w278952382,,no_name
w278952383,,no_name
w278973528,,no_name
w278973530,,no_name
w278973532,,no_name
w278973534,,no_name
w279935607,,no_name
w280424612,,no_name
w282644280,,no_name
w282645350,,no_name
w282647537,,no_name
w282647538,,no_name
w285947764,,no_name
w286020275,,no_name
w286020276,,no_name
w286319508,,no_name
w287276589,,no_name
w290822739,,no_name
w290823623,,no_name
w293680634,,no_name
w294173140,,no_name
w294358407,,no_name
w294359641,,no_name
w294360229,,no_name
w295373580,,no_name
w299017183,,no_name
w299058003,,no_name
w299058046,,no_name
w299432649,,no_name
w299436791,,no_name
w299438290,,no_name
w299450761,,no_name
w299453900,,no_name
w299464082,,no_name
w299467710,,no_name
w299628802,,no_name
w299633122,,no_name
w299652174,,no_name
w299664909,,no_name
w299744005,,no_name
w300179949,,no_name
w300179955,,no_name
w300192621,,no_name
w300203692,,no_name
w300207082,,no_name
w300207083,,no_name
w305576360,,no_name
w306451020,,no_name
w306451022,,no_name
w306563454,,no_name
w306563455,,no_name
w306736980,,no_name
w306872266,,no_name
w306880766,,no_name
w306880767,,no_name
w306998380,,no_name
w307032116,,no_name
w307328909,,no_name
w307497238,,no_name
w316170014,,no_name
w320502123,,no_name
w323749463,,no_name
w355159704,,no_name
w355875453,,no_name
w355880907,,no_name
w357399576,,no_name
w358729429,,no_name
w360221797,,no_name
w360229765,,no_name
w360229768,,no_name
w360229769,,no_name
w360231590,,no_name
w360231609,,no_name
w360231611,,no_name
w360231615,,no_name
w360231616,,no_name
w360243674,,no_name
w366909816,,no_name
w368882863,,no_name
w370707115,,no_name
w370709063,,no_name
w370820231,,no_name
w371567857,,no_name
w371620231,,no_name
w371620232,,no_name
w371620247,,no_name
w372019472,,no_name
w372026040,,no_name
w373051292,,no_name
w373051324,,no_name
w373174929,,no_name
w373174966,,no_name
w373735189,,no_name
w373735192,,no_name
w373735194,,no_name
w373745126,,no_name
w373755811,,no_name
w375032758,,no_name
w375033178,,no_name
w375033454,,no_name
w375033507,,no_name
w376244805,,no_name
w376244807,,no_name
w376244808,,no_name
w376246126,,no_name
w376246127,,no_name
w376929861,,no_name
w376929864,,no_name
w376932347,,no_name
w376932348,,no_name
w376932464,,no_name
w377095283,,no_name
w377095291,,no_name
w377099200,,no_name
w377577397,,no_name
w377580634,,no_name
w377580635,,no_name
w377581544,,no_name
w377851456,,no_name
w378427077,,no_name
w378427193,,no_name
w378440453,,no_name
w378621811,,no_name
w379525896,,no_name
w379529487,,no_name
w379535009,,no_name
w379882798,,no_name
w379882800,,no_name
w380201791,,no_name
w382032112,,no_name
w382045244,,no_name
w382233631,,no_name
w382233634,,no_name
w382240267,,no_name
w382240269,,no_name
w382241096,,no_name
w383794299,,no_name
w383795868,,no_name
w383798198,,no_name
w384668001,,no_name
w384668004,,no_name
w384682363,,no_name
w385592265,,no_name
w385592268,,no_name
w385592269,,no_name
w385592270,,no_name
w385592271,,no_name
w385592272,,no_name
w387112738,,no_name
w387115019,,no_name
w387573229,,no_name
w387632781,,no_name
w387636287,,no_name
w387637605,,no_name
w387641411,,no_name
w387649590,,no_name
w387650876,,no_name
w387656066,,no_name
w387656070,,no_name
w387656072,,no_name
w387660507,,no_name
w387693401,,no_name
w387693402,,no_name
w388378912,,no_name
w388381582,,no_name
w389226957,,no_name
w389227498,,no_name
w389884166,,no_name
w389889748,,no_name
w392508181,,no_name
w400980643,,no_name
w401554119,,no_name
w401557780,,no_name
w401557781,,no_name
w401558077,,no_name
w401569836,,no_name
w401747121,,no_name
w406411133,,no_name
w406413996,,no_name
w407723284,,no_name
w415853910,,no_name
w415853911,,no_name
w415853912,,no_name
w419646433,,no_name
w439460945,,no_name
w439600426,,no_name
w450209466,,no_name
w452525854,,no_name
w452783375,,no_name
w587866610,,no_name
w587866704,,no_name
w587866772,,no_name
w587866773,,no_name
w587866939,,no_name
w589147001,,no_name
w589147791,,no_name
w589147792,,no_name
w589150982,,no_name
w594133205,,no_name
w609424761,,no_name
w609424763,,no_name
w626038359,,no_name
w630141437,,no_name
w685787627,,no_name
w685787696,,no_name
w702044776,,no_name
w702044809,,no_name
w756368025,,no_name
w756368026,,no_name
w756368027,,no_name
w756368028,,no_name
w756368029,,no_name
w756368030,,no_name
w781135707,,no_name
w802686252,,no_name
w932972021,,no_name
w1017225660,,no_name
w1017225661,,no_name
w1017225663,,no_name
w1054398000,,no_name
w1057000834,,no_name
w1057385556,,no_name
w1058183290,,no_name
w1058183296,,no_name
w1058382351,,no_name
w1058653677,,no_name
w1058655448,,no_name
w1059680910,,no_name
w1060126450,,no_name
w1060316238,,no_name
w1060316239,,no_name
w1060326408,,no_name
w1060669984,,no_name
w1060857960,,no_name
w1061160862,,no_name
w1061845056,,no_name
w1062174048,,no_name
w1063032862,,no_name
w1063366779,,no_name
w1063366783,,no_name
w1064150584,,no_name
w1064645032,,no_name
w1066241505,,no_name
w1066553770,,no_name
w1066553781,,no_name
w1066553782,,no_name
w1066553785,,no_name
w1066553792,,no_name
w1067690164,,no_name
w1069077547,,no_name
w1070426462,,no_name
w1070748624,,no_name
w1072128372,,no_name
w1075408762,,no_name
w1075409272,,no_name
w1075557840,,no_name
w1075562621,,no_name
w1075572272,,no_name
w1075572273,,no_name
w1075572275,,no_name
w1075574508,,no_name
w1076677637,,no_name
w1079587360,,no_name
w1080349918,,no_name
w1080375157,,no_name
w1080830757,,no_name
w1081613041,,no_name
w1081622939,,no_name
w1081879109,,no_name
w1081879129,,no_name
w1081881440,,no_name
w1082410638,,no_name
w1084314434,,no_name
w1084321184,,no_name
w1123997979,,no_name
w1125031793,,no_name
w1125486203,,no_name
w1126364559,,no_name
w1126746775,,no_name
w1184830566,,no_name
w1184878783,,no_name
w1184878785,,no_name
w1184878786,,no_name
w1193601015,,no_name
w1193601019,,no_name
w1206225990,,no_name
w1219102240,,no_name
w1219339703,,no_name
w1219339712,,no_name
w1306175343,,no_name
w1320738640,,no_name
w1320738643,,no_name
w1329673684,,no_name
w1334173497,,no_name
w1334173498,,no_name
w1334173499,,no_name
w1334173500,,no_name
w1334173501,,no_name
w1336083884,,no_name
w1337720235,,no_name
w1341470896,,no_name
w1375545443,,no_name
w1377852178,,no_name
w1378749307,,no_name
w1378749308,,no_name
w1413587950,,no_name
w1413587959,,no_name
w1413587961,,no_name
w1413587962,,no_name
w1413587963,,no_name
w1413587976,,no_name
w1413587988,,no_name
w1413587989,,no_name
w1413587990,,no_name
w1413587991,,no_name
w1413587996,,no_name
w1413587997,,no_name
w1413588000,,no_name
w1416382774,,no_name
w1416637820,,no_name
w1416637821,,no_name
w1416637822,,no_name
w1416637823,,no_name
w1416637824,,no_name
w1416637825,,no_name
w1416637826,,no_name
w1416637827,,no_name
w1416637832,,no_name
w1416637838,,no_name
w1416637841,,no_name
w1416637842,,no_name
w1416637843,,no_name
w1416637844,,no_name
w1416637845,,no_name
w1445714281,,no_name
w1473650599,,no_name
w1473650600,,no_name
w1473650629,,no_name
w1505086987,,no_name
w1507563116,,no_name
w1507563127,,no_name
w1511091270,,no_name
w1511091271,,no_name
w1511091272,,no_name
w1511091287,,no_name
w1511091299,,no_name
w1520038478,,no_name
w1527191259,,no_name
