place_id,name,category,lat,lng,opening_hours,address,business_status,fetched_at,coverage
ChIJGXx1f39-MEARSJad4oy23Wc,Mərkəzi Nəbatat Bağı,tourist_attraction,40.3564696,49.8111427,,"AZ1004, 40 Badamdar şossesi, Bakı, Azerbaijan",OPERATIONAL,2026-08-03,extra:coarse
ChIJ0UkY3lZ9MEARGaABXQwv_fo,Qanlı Göl,tourist_attraction,40.3660644,49.8009339,,"9R82+C9, Baku, Azerbaijan",OPERATIONAL,2026-08-03,extra:coarse
ChIJF8PcF5l_MEARnGDJ1YnawzQ,Avrostore Badamdar,shopping_mall,40.341152699999995,49.8108602,,"8RR6+F89, Badamdar şossesi, Bakı, Azerbaijan",OPERATIONAL,2026-08-03,extra:coarse
ChIJFeizqbN_MEARcjoOqjvliJc,Saipa Avto Salon,shopping_mall,40.3601269,49.8000598,,"Baku, Azerbaijan",OPERATIONAL,2026-08-03,extra:coarse
ChIJz5njrIR_MEARpciTb7qQUb8,TETRAAZ,shopping_mall,40.3513862,49.8117606,,"9R26+HP2, Baku, Azerbaijan",OPERATIONAL,2026-08-03,extra:coarse
ChIJC_mSYAB_MEARvo_-aX-jvZ4,İlgar.Zeynav.1,tourist_attraction,40.341279,49.799237999999995,,"8RR2+R3, Baku, Azerbaijan",OPERATIONAL,2026-08-03,extra:coarse
ChIJrY1uFgB_MEARSmkrlHitKIk,Kolizey,tourist_attraction,40.355866999999996,49.806551999999996,,"9R34+XRM, Baku, Azerbaijan",OPERATIONAL,2026-08-03,extra:coarse
ChIJI0GBbgB_MEARwt-T6B2_TuU,"Panoramic Baku Bibi Heybat, 20-district",tourist_attraction,40.3499862,49.8247795,,"8RXF+XWR, Baku, Azerbaijan",OPERATIONAL,2026-08-03,extra:coarse
ChIJM2EO0P99MEARjDz4fIKDdBM,Dəniz Mall,shopping_mall,40.3587711,49.8368638,,"26b Mikayıl Hüseynov Prospekti, Bakı, Azerbaijan",OPERATIONAL,2026-08-03,extra:coarse
ChIJnZLDhC18MEARRi2mrQG3saY,Highland Park,tourist_attraction,40.3583718,49.8298987,,"9R5H+8XR, Baku, Azerbaijan",OPERATIONAL,2026-08-03,extra:coarse
ChIJd2b2mTR8MEARl5incNuFjQE,Mini Venice,tourist_attraction,40.3611053,49.8357514,,"73 Neftçilər Prospekti, Bakı 1004, Azerbaijan",OPERATIONAL,2026-08-03,extra:coarse
ChIJF7cbpdJ9MEARPiRadrIYYCA,Flame Towers,tourist_attraction,40.3596193,49.826117499999995,,"9R5G+RCX, Baku, Azerbaijan",OPERATIONAL,2026-08-03,extra:coarse
ChIJe_AWHMp9MEARXrQ9JNlKX9c,Palace of the Shirvanshahs,tourist_attraction,40.3665603,49.8330422,,"9R8M+J6F, Baku, Azerbaijan",OPERATIONAL,2026-08-03,extra:coarse
ChIJVVxumzN8MEARllg5OzZtcW4,Azerbaijan Carpet Museum,tourist_attraction,40.359929799999996,49.8358238,,"28 Mikayıl Hüseynov Prospekti, Bakı 1000, Azerbaijan",OPERATIONAL,2026-08-03,extra:coarse
ChIJCU-1YCl9MEAR8LKekg6PMUg,Funicular Baku,tourist_attraction,40.3586221,49.828739,,"Alley of Martyrs, Bakı, Azerbaijan",OPERATIONAL,2026-08-03,extra:coarse
ChIJY94vLct9MEART--XQFdWh1g,Azneft Square,tourist_attraction,40.3624708,49.835577199999996,,"9R6P+X6P, Baku, Azerbaijan",OPERATIONAL,2026-08-03,extra:coarse
ChIJpW8LFjB8MEARisk62ZfvFug,Baku Eye,tourist_attraction,40.3546518,49.8375531,,"9R3Q+V27, Baku, Azerbaijan",OPERATIONAL,2026-08-03,extra:coarse
ChIJl8Peect9MEAR6VDjomuy2n4,Azerbaijan State Museum of Art,tourist_attraction,40.3631683,49.8317364,,"9/11 Niyazi, Bakı, Azerbaijan",OPERATIONAL,2026-08-03,extra:coarse
ChIJA12MqC18MEARQnqmObS0qMQ,Martyrs' Lane,tourist_attraction,40.3566852,49.8282397,,"9R4H+M7H, Mehdi Hüseyn, Bakı 1006, Azerbaijan",OPERATIONAL,2026-08-03,extra:coarse
ChIJ-dKtrst9MEARJtAqWE8ATlo,Philarmonia Garden,tourist_attraction,40.3632761,49.833851300000006,,"Baku 1000, Azerbaijan",OPERATIONAL,2026-08-03,extra:coarse
ChIJB9JX9Ml9MEAR0fE-shLQeHA,Museum of Miniature Books,tourist_attraction,40.3663494,49.832541299999995,,"9R8M+G2M, Baku 1000, Azerbaijan",OPERATIONAL,2026-08-03,extra:coarse
ChIJAcP8yTV9MEARCNd9lA60Cf8,State Flag Square,tourist_attraction,40.344352199999996,49.8450243,,"8RVW+P2R, Baku, Azerbaijan",OPERATIONAL,2026-08-03,extra:coarse
ChIJKQKgVKd-MEAR9hvsYR99X9g,Stone Chronicle Museum,tourist_attraction,40.3401602,49.8411566,,"8RRR+3F7, Baku, Azerbaijan",OPERATIONAL,2026-08-03,extra:coarse
ChIJ7wVPb8p9MEARz6h2H9V4rVM,Muhammad Mosque,tourist_attraction,40.3654728,49.834832999999996,,"28 Kichik Qala, Bakı, Azerbaijan",OPERATIONAL,2026-08-03,extra:coarse
ChIJ86NlaMh9MEARTGp2bjNijbc,Vuqarla xədicənin ilk görüş yeri,tourist_attraction,40.360324399999996,49.8332682,,"9R6M+47H Funicular, Shovkat Alakbarova, Bakı, Azerbaijan",OPERATIONAL,2026-08-03,extra:coarse
ChIJKVx_XzF8MEARUTbSpvngBTE,Caspian Waterfront Mall,shopping_mall,40.358202399999996,49.8370867,,"9R5P+7RP, Baku, Azerbaijan",OPERATIONAL,2026-08-03,extra:coarse
ChIJ98qpbeR9MEAR7pUucjGR2r0,Swans Fountain,tourist_attraction,40.362452499999996,49.83642640000001,,"9R6P+XHM Azneft Square, Bakı, Azerbaijan",OPERATIONAL,2026-08-03,extra:coarse
ChIJX9LYCMp9MEARg18MuIH-OFY,Baylar Mosque,tourist_attraction,40.366179699999996,49.8344028,,"9R8M+FQC, Baku 1000, Azerbaijan",OPERATIONAL,2026-08-03,extra:coarse
ChIJhfA1HAh9MEAR-4IQc1WnBSQ,Bakı Buxtası,tourist_attraction,40.3487636,49.8421872,,"8RXR+GV, Baku, Azerbaijan",OPERATIONAL,2026-08-03,extra:coarse
ChIJ1_KGcwB9MEAR8KDjK9cOkcI,Həvəskar balıqçılar körpüsü - Amateur Fishermen Bridge,tourist_attraction,40.3483545,49.8405273,,"8RXR+GV, Baku, Azerbaijan",OPERATIONAL,2026-08-03,extra:coarse
ChIJpRTscAB9MEAR7YImFGg-osg,2015 European Games Flame,tourist_attraction,40.351203999999996,49.848026399999995,,"9R2X+M7F, Baku, Azerbaijan",OPERATIONAL,2026-08-03,extra:coarse
ChIJs4t2RAB9MEARkPrSYopStkg,Bandiera più grande del mondo,tourist_attraction,40.3442566,49.844767499999996,,"8RVV+PW7 Bayraq meydanı, Bakı, Azerbaijan",OPERATIONAL,2026-08-03,extra:coarse
ChIJ9f311W99MEARdmLcywxEo70,ZEFİR MALL,shopping_mall,40.3765837,49.793971199999994,,"9QGW+23X, Baku, Azerbaijan",OPERATIONAL,2026-08-03,extra:coarse
ChIJI7eQPMZ9MEARVrV-uPzHoL4,Nəriman Nərimanov Heykəli,tourist_attraction,40.368440899999996,49.8244766,,"9R9F+9QH, Nariman Narimanov Pros, Bakı 1006, Azerbaijan",OPERATIONAL,2026-08-03,extra:coarse
ChIJ___zysF9MEAR_hRHz9XaCZI,Huseyn Cavid Park,tourist_attraction,40.373455,49.8170509,,"535/24 Hüseyn Cavid Prospekti, Bakı 1073, Azerbaijan",OPERATIONAL,2026-08-03,extra:coarse
ChIJWZpUMwB9MEAReXms5bgw3Fc,Zoo mağaza,shopping_mall,40.3745204,49.805423499999996,,"34 Abbas Mirzə Şərifzadə küçəsi, Bakı 1138, Azerbaijan",OPERATIONAL,2026-08-03,extra:coarse
ChIJ40OabPN9MEARyMfH1INFRTc,Optimal Market,shopping_mall,40.3826375,49.8035469,,"9RM3+3C3, Baku, Azerbaijan",OPERATIONAL,2026-08-03,extra:coarse
ChIJ3eHEG-h9MEAR3U3heDu0Qds,Zefir Mall Baku,shopping_mall,40.3765689,49.794002,,"Yaşayış Kompleksi, Bakı 1073, Azerbaijan",OPERATIONAL,2026-08-03,extra:coarse
ChIJj6axJcV9MEARdxI1nZf1_cM,Glass Plaza,shopping_mall,40.3665855,49.8168246,,"17 Hüseyn Cavid Prospekti, Bakı, Azerbaijan",OPERATIONAL,2026-08-03,extra:coarse
ChIJkyJT0cR9MEARPxE0KlZXPIk,Favorit Market 10,shopping_mall,40.366775,49.8155107,,"9R88+P62, Baku, Azerbaijan",OPERATIONAL,2026-08-03,extra:coarse
ChIJY61eUAB9MEARcyDl2UEuHos,Sederek,shopping_mall,40.3795084,49.8064125,,"9RH4+RH3 21 saylı məktəb, Bakı, Azerbaijan",OPERATIONAL,2026-08-03,extra:coarse
ChIJAzqQQgB9MEARId6WaNWIeWo,Trendyol Azərbaycan baş ofis,shopping_mall,40.370781099999995,49.818108599999995,,"20 Ələsgər Ələkbərov Küçəsi, Bakı, Azerbaijan",OPERATIONAL,2026-08-03,extra:coarse
ChIJuVLJMsd9MEARS8mrm70D5ow,Yaban Store,shopping_mall,40.3716636,49.822161099999995,,"5 ул. Башира Сафароглу, Bakı 1000, Azerbaijan",OPERATIONAL,2026-08-03,extra:coarse
ChIJEZXXAPN9MEARBjLwvyQ9wDo,Mekteb ve ofis levazimatı,shopping_mall,40.3816318,49.8040258,,"197, Abbas Mirzə Şərifzadə küçəsi, Bakı, Azerbaijan",OPERATIONAL,2026-08-03,extra:coarse
ChIJoXd514d9MEARAX8PCjfx6xI,Esma Hicab Butik,shopping_mall,40.386346499999995,49.8079017,,"181 Həsən bəy Zərdabi, Bakı 1122, Azerbaijan",OPERATIONAL,2026-08-03,extra:coarse
ChIJZxvqp_J9MEARncTpSs_rXBw,Tempus Travel,tourist_attraction,40.3808396,49.8085096,,"39 Həsən bəy Zərdabi, Bakı, Azerbaijan",OPERATIONAL,2026-08-03,extra:coarse
ChIJm9WChu19MEARyLYuVHbURnM,Kids world,shopping_mall,40.3794928,49.806451499999994,,"53 Mirəli Seyidov, Bakı, Azerbaijan",OPERATIONAL,2026-08-03,extra:coarse
ChIJ310hxaR9MEARpV-BoyZvlxo,Official Dealer (Aqua Max LLC),shopping_mall,40.3707892,49.8104215,,"526 Metbuat ave Baku, Bakı 1033, Azerbaijan",OPERATIONAL,2026-08-03,extra:coarse
ChIJjZlFXsZ9MEARdncd7_sWUpQ,Shop.az,shopping_mall,40.369197299999996,49.822666399999996,,"3 Qurban Xəlilov, Bakı 1006, Azerbaijan",OPERATIONAL,2026-08-03,extra:coarse
ChIJfdOlLqh9MEAR61WJKi6Z3LQ,Goldparfum,shopping_mall,40.377771599999996,49.809882699999996,,"9RH5+4X2, Nazim Hikmət küçəsi, Bakı, Azerbaijan",OPERATIONAL,2026-08-03,extra:coarse
ChIJzdFYEd19MEARXPqG8HI89QQ,777 ən uzuz iran malları,shopping_mall,40.381512699999995,49.8036125,,"195 Abbas Mirzə Şərifzadə küçəsi, Bakı, Azerbaijan",OPERATIONAL,2026-08-03,extra:coarse
ChIJL0BroKd9MEAREWHDnvd8idg,28 Mall,shopping_mall,40.379062499999996,49.846765399999995,,"1014 15a, 4 Azadlıq Prospekti, Bakı, Azerbaijan",OPERATIONAL,2026-08-03,extra:coarse
ChIJgZENCa19MEARhXfYKx-YiCs,Park Bulvar,shopping_mall,40.370687499999995,49.849687499999995,,"Baku, Azerbaijan",OPERATIONAL,2026-08-03,extra:coarse
ChIJn17IpKV9MEARqe7VHo6aIIs,AF Mall,shopping_mall,40.376517,49.841654999999996,,"34 Səməd Vurğun, street 1000, Azerbaijan",OPERATIONAL,2026-08-03,extra:coarse
ChIJM-DJn-Z9MEARWSc0gkxaSkE,Nizami Mall,shopping_mall,40.378840800000006,49.830518999999995,,"Salatın Əsgərova, Bakı 1009, Azerbaijan",OPERATIONAL,2026-08-03,extra:coarse
ChIJIR35sUx8MEARyzotKNVc7PE,Baku Boulevard,tourist_attraction,40.368525399999996,49.8434891,,"92 Neftçilər Prospekti, Bakı, Azerbaijan",OPERATIONAL,2026-08-03,extra:coarse
ChIJ5RKhV7h9MEARZmVebfNh0Gc,Təzəpir məscidi,tourist_attraction,40.3720512,49.8286593,,"7 Mirzə Fətəli Axundzadə, Bakı 1001, Azerbaijan",OPERATIONAL,2026-08-03,extra:coarse
ChIJc-oDUp59MEARq01FLsOpR5k,Officers Park,tourist_attraction,40.38473200000001,49.8359038,,"77 Səməd Vurğun, Bakı, Azerbaijan",OPERATIONAL,2026-08-03,extra:coarse
ChIJx48EWbF9MEARXpdxHX73K0I,National Museum of History of Azerbaijan,tourist_attraction,40.3694979,49.8401199,,"4 Haji Zeynalabdin Taghiyev St, Baku 1005, Azerbaijan",OPERATIONAL,2026-08-03,extra:coarse
ChIJ7QCI6qR9MEARwPzYHx9cfHc,Füzuli Park,tourist_attraction,40.3771579,49.838991299999996,,"Füzuli Küçəsi, Bakı, Azerbaijan",OPERATIONAL,2026-08-03,extra:coarse
ChIJU2mww6t9MEARniwxKKLa0GQ,The Azerbaijan Government House,tourist_attraction,40.373764699999995,49.853006699999995,,"9VF3+H7Q, 84 Üzeyir Hacıbəyov, Bakı 1000, Azerbaijan",OPERATIONAL,2026-08-03,extra:coarse
ChIJV113dcN9MEARm5dyfjPM2Tk,Crescent Mall,shopping_mall,40.374297299999995,49.860900699999995,,"Aypara Palace and Town"" 66 Nasimi district, 68 Neftçilər Prospekti, Bakı 1000, Azerbaijan",OPERATIONAL,2026-08-03,extra:coarse
ChIJucXkuHF9MEARUrJFVhx4UP4,Port Baku Mall,shopping_mall,40.375148599999996,49.8602985,,"151 Neftçilər Prospekti, Bakı, Azerbaijan",OPERATIONAL,2026-08-03,extra:coarse
ChIJz14idRJ9MEARfZ3HlTJ83uM,Şərq Bazarı,shopping_mall,40.3870727,49.8557431,,"Karabakh Street, 15 Şah İsmayıl Xətai prospekti, Bakı, Azerbaijan",OPERATIONAL,2026-08-03,extra:coarse
ChIJaZuV5eF8MEAR0VYvO7a1Lm8,AMAY Ticarət Mərkəzi,shopping_mall,40.379914,49.8786968,,"23 8 Noyabr Prospekti, Bakı 1000, Azerbaijan",OPERATIONAL,2026-08-03,extra:coarse
ChIJVdl1vAN9MEARqwAHfxQ7e7s,Museum of Modern Art,tourist_attraction,40.3780237,49.864659599999996,,"5 Yusuph Safarov, Bakı 1025, Azerbaijan",OPERATIONAL,2026-08-03,extra:coarse
ChIJy3-srrF9MEARcp2puDCCOr0,Khagani Garden,tourist_attraction,40.371727299999996,49.840355699999996,,"9RCR+M4X, Xaqani Küçəsi, Bakı, Azerbaijan",OPERATIONAL,2026-08-03,extra:coarse
ChIJ61TKVrB9MEARLOc5BJs9pV8,Khaghani Shopping Mall,shopping_mall,40.3720959,49.8395788,,"9RCQ+RRP, Xaqani Küçəsi, Bakı, Azerbaijan",OPERATIONAL,2026-08-03,extra:coarse
ChIJ_bgGs619MEAR6KIB8sMb3nA,Baku view point,tourist_attraction,40.366842,49.84467,,"9R8V+PV, Baku, Azerbaijan",OPERATIONAL,2026-08-03,extra:coarse
ChIJiY4jmad9MEARYRNwe8PJp1o,28 May Keçid Ticarət Mərkəzi,shopping_mall,40.379543399999996,49.8475688,,"50 Azadlıq Prospekti, Bakı, Azerbaijan",OPERATIONAL,2026-08-03,extra:coarse
ChIJw2RjigZ9MEAR7Ew_cbXVrj8,Perron Gallery,shopping_mall,40.380733299999996,49.851197,,"9VJ2+7FW, 28 May St, Baku, Azerbaijan",OPERATIONAL,2026-08-03,extra:coarse
ChIJHSiQIVB9MEARM3fSlC0IqSY,Caspian Sea Cruise,tourist_attraction,40.3686189,49.849983099999996,,"9R9X+CXX, Unnamed Road, Bakı, Azerbaijan",OPERATIONAL,2026-08-03,extra:coarse
ChIJK42EzbN9MEARYWLSSEXMrys,The Museum Center,tourist_attraction,40.3697753,49.8425933,,"Музейный Центр, 123а Neftçilər Prospekti, Bakı, Azerbaijan",OPERATIONAL,2026-08-03,extra:coarse
ChIJHZqQfAB9MEAR4rye9zw8g78,Bakı Gəmi turu,tourist_attraction,40.3716441,49.8566279,,"9VC4+VXF Sea port, Bakı, Azerbaijan",OPERATIONAL,2026-08-03,extra:coarse
ChIJSQWpqbN9MEAREX0-W2PKtlY,Saat Qülləsi,tourist_attraction,40.3686096,49.8439774,,"9R9V+CHX, Baku, Azerbaijan",OPERATIONAL,2026-08-03,extra:coarse
ChIJqYgMC8J9MEARPYd6zk8Kcdw,"Ağ şəhər, Biznes mərkəzi",shopping_mall,40.3799297,49.8827955,,"25e 8 Noyabr Prospekti, Bakı 1025, Azerbaijan",OPERATIONAL,2026-08-03,extra:coarse
ChIJiSV7_uB8MEARJEI3c2JUYbg,Baku Nobel Heritage Fund,tourist_attraction,40.3800454,49.893831999999996,,"Альфред Нобель, 57/2, Баку, Хатаи, Bakı, Baku 1025, Azerbaijan",OPERATIONAL,2026-08-03,extra:coarse
ChIJL3ftRwB9MEAREFofEvXti8M,BazarStore-Xətai,shopping_mall,40.3819048,49.873501,,"33 Mehdi Mehdizadə küç., Bakı, Azerbaijan",OPERATIONAL,2026-08-03,extra:coarse
ChIJFbkgRLh9MEARsVrI6h8iGfg,L and M viewpoint,tourist_attraction,40.3729132,49.8814699,,"9VFJ+5H, Baku, Azerbaijan",OPERATIONAL,2026-08-03,extra:coarse
ChIJdeoFlTV9MEAR5VfUXpCKe00,Mosaic Wall,tourist_attraction,40.3791322,49.877185399999995,,"9VHG+WP7, Baku, Azerbaijan",OPERATIONAL,2026-08-03,extra:coarse
ChIJMczTSh99MEARKJY3q9G5Xlo,Kanselariya Mərkəzi,shopping_mall,40.3844813,49.8765831,,"9VMG+QJW, Nəcəfqulu Rəfiyev küçəsi, Bakı, Azerbaijan",OPERATIONAL,2026-08-03,extra:coarse
ChIJY62oHAB9MEARRgrvhb_Q8Mw,Bayraq ( флаг ),tourist_attraction,40.3763459,49.8711688,,"Nobel pr, 9A Fazayil Bayramov Street, Baku, Azerbaijan",OPERATIONAL,2026-08-03,extra:coarse
ChIJjVWZfAB9MEARIxa-DPhx5kk,Mutafakir,tourist_attraction,40.383998,49.8883454,,"9VMQ+H8X, Mərkəzi Bulvar, Bakı, Azerbaijan",OPERATIONAL,2026-08-03,extra:coarse
ChIJEQJjqip9MEAR9-MyOPOfcdE,Private Driver in Baku,tourist_attraction,40.378145800000006,49.8753751,,"X, Bakı 1121, Azerbaijan",OPERATIONAL,2026-08-03,extra:coarse
ChIJ69LbYVh9MEARngcnEYLO340,Localtransfer.az,tourist_attraction,40.3851895,49.8856676,,"Baku 1040, Azerbaijan",OPERATIONAL,2026-08-03,extra:coarse
ChIJFWiY7-F8MEARN40lfP9QazY,Royal Group,shopping_mall,40.379963,49.8786164,,"9VHH+XCQ, Baku, Azerbaijan",OPERATIONAL,2026-08-03,extra:coarse
ChIJw22GPAB9MEARM5WS3jDN9ek,White City Bridge,tourist_attraction,40.3791164,49.8874341,,"9VHP+JXV, 8 Noyabr Prospekti, Bakı, Azerbaijan",OPERATIONAL,2026-08-03,extra:coarse
ChIJa9B0LAB9MEARXt_l7AU-J4M,Ağ şəhər körpü,tourist_attraction,40.3792739,49.887450199999996,,"9VHP+PX4, Baku, Azerbaijan",OPERATIONAL,2026-08-03,extra:coarse
ChIJqUUJPQB9MEAR-bIk0QOqrkc,Fəvvarələr Meydanı - Bakı Ağ Şəhər,tourist_attraction,40.3806723,49.887525,,"9VJQ+726, Baku, Azerbaijan",OPERATIONAL,2026-08-03,extra:coarse
ChIJ3bgBT1Z9MEARZCx7H8gCgoE,Alman boyaları CAPAROL,shopping_mall,40.3818308,49.8809639,,"4 Xəqani Rüstəmov, Bakı, Azerbaijan",OPERATIONAL,2026-08-03,extra:coarse
ChIJu4gXVB99MEARRGmpgv4_GCI,Keramin,shopping_mall,40.3847358,49.8778009,,"9VMH+V4V, Süleyman Vəzirov küçəsi, Bakı, Azerbaijan",OPERATIONAL,2026-08-03,extra:coarse
ChIJIQzM2Il9MEARMXazMi9IJ8Y,Baku Mall,shopping_mall,40.3898085,49.8068082,,"AZ1122 Həsən bəy Zərdabi, Bakı, Azerbaijan",OPERATIONAL,2026-08-03,extra:coarse
ChIJJydeE4R9MEARrpLW5nSo3iU,Russian Orthodox Church,tourist_attraction,40.38969,49.821151,,"военный городок Красный Восток, 126, Bakı, Azerbaijan",OPERATIONAL,2026-08-03,extra:coarse
ChIJn8uurmSHMEAR54oc5bmDpfY,Şahdağ,shopping_mall,40.3940703,49.8045662,,"34В ул. Асада Ахмедова, Bakı, Azerbaijan",OPERATIONAL,2026-08-03,extra:coarse
ChIJ61Y0IZ2HMEARbyufX6LANsk,Agromall Yaşıl Yarmarka,shopping_mall,40.4033413,49.8131585,,"CR37+87M, Baku, Azerbaijan",OPERATIONAL,2026-08-03,extra:coarse
ChIJEQUWPoZ9MEAR0Y84s85tKZM,Azer Aqrar Tikinti,shopping_mall,40.3897705,49.8152099,,"9RQ8+W34, Baku, Azerbaijan",OPERATIONAL,2026-08-03,extra:coarse
ChIJg_QfpreHMEARR1ctr0vw4bI,Park 20 Yanvar,shopping_mall,40.403652699999995,49.8089929,,"CR35+GMM, Baku, Azerbaijan",OPERATIONAL,2026-08-03,extra:coarse
ChIJPfenmWiHMEARof39Ajnhh-A,Brend House,shopping_mall,40.3950628,49.792692699999996,,"4b Murad Mirzayev, Baku, Azerbaijan",OPERATIONAL,2026-08-03,extra:coarse
ChIJlXYzQgCHMEARJN8mNS1NeJs,Coşqunun Hədiyyələri,shopping_mall,40.394934299999996,49.8017296,,"9RV2+XMH, Baku, Azerbaijan",OPERATIONAL,2026-08-03,extra:coarse
ChIJL-gxndmHMEARqZhE6Y2ujdI,Megashop Ucuzluq univermaq,shopping_mall,40.393496999999996,49.794716,,"küçəsi 14 Əsəd Əhmədov, Bakı, Azerbaijan",OPERATIONAL,2026-08-03,extra:coarse
ChIJ0a5PZgCHMEARs_Y0by_eTyc,Park 20 Shopping Canter - Park 20 Ticarət Mərkəzi,shopping_mall,40.404005,49.8089148,,"4 Rövşən Cəfərov, Bakı, Azerbaijan",OPERATIONAL,2026-08-03,extra:coarse
ChIJjWlVSwqHMEARhfBoiSwrOWY,Ovçu Baliqci TT Zaurun dukani,shopping_mall,40.3917915,49.8065248,,"73 Həsən bəy Zərdabi, Bakı, Azerbaijan",OPERATIONAL,2026-08-03,extra:coarse
ChIJ3xUatSqHMEARiDilJZ3DdPg,Brend Ucuzluq Univermaq,shopping_mall,40.393709099999995,49.7944305,,"24 Əsəd Əhmədov, Bakı, Azerbaijan",OPERATIONAL,2026-08-03,extra:coarse
ChIJGRBObACHMEARNtHjTgcPbnc,31 nömrəli məktəb,tourist_attraction,40.394999999999996,49.8019,,"9RV2+XQR DSMF Yasamal Rayon Şöbəsi, Bakı, Azerbaijan",OPERATIONAL,2026-08-03,extra:coarse
ChIJU71w3H-HMEARgXgq-X28DEA,Exclusive OBOY Evi,shopping_mall,40.395460199999995,49.819326399999994,,"9RW9+5PP, Həsən Əliyev Küçəsi, Bakı, Azerbaijan",OPERATIONAL,2026-08-03,extra:coarse
ChIJuQ1vd259MEARM4mLrcU4HGU,Baku Zoological Park,tourist_attraction,40.391879599999996,49.849063099999995,,"9RRX+QJ4, Baku, Azerbaijan",OPERATIONAL,2026-08-03,extra:coarse
ChIJ5VZuGW59MEARoIIEoKtCyXE,Dеdе Gorgud Park,tourist_attraction,40.3927064,49.8466518,,"103 Vaqif prospekti, Bakı, Azerbaijan",OPERATIONAL,2026-08-03,extra:coarse
ChIJ3_92k119MEARZinsSljeirY,Atatürk Parkı,tourist_attraction,40.4018721,49.8506417,,"CV22+R5R, 22 Atatürk prospekti, Bakı 1000, Azerbaijan",OPERATIONAL,2026-08-03,extra:coarse
ChIJ_xhPH3d9MEAR7Kudk-Nd7V4,Zorge Park,tourist_attraction,40.3906768,49.83762110000001,,"Vagif Avenue and Samad Vurgun streets, 9RRQ+72H, Vaqif prospekti, Bakı, Azerbaijan",OPERATIONAL,2026-08-03,extra:coarse
ChIJH22fPACHMEARjLjMnqWp9rs,3-cü mikrorayon bazarı,shopping_mall,40.4069904,49.8205897,,"CR4C+Q6W, Baku, Azerbaijan",OPERATIONAL,2026-08-03,extra:coarse
ChIJExaNwwt9MEARMyboa-qg5FI,Capital Plaza,shopping_mall,40.3829704,49.8457261,,"MIkayil Rəfili Küçəsi, Bakı, Azerbaijan",OPERATIONAL,2026-08-03,extra:coarse
ChIJ3-TDt2Z9MEARIbiGdX_rVVU,Azər-İlmə Sehirli İlmələr Qalereyası.,shopping_mall,40.3999837,49.844683700000004,,"Şəmsi Rəhimov küçəsi, 9RXV+XVV, Nəsibbəy Yusifbəyli, Bakı, Azerbaijan",OPERATIONAL,2026-08-03,extra:coarse
ChIJRaYdX0-HMEAR5qdJ8_zmjn0,78 Store Azadlıq,shopping_mall,40.4023903,49.8354904,,"40H Yusif Vəzir Çəmənzəminli, Bakı 1007, Azerbaijan",OPERATIONAL,2026-08-03,extra:coarse
ChIJkVeqMqF9MEARxdBHWvI3lcs,Avenue Veraj / Jalə Plaza,shopping_mall,40.3803482,49.8425101,,"140 Şamil Əzizbəyov, Bakı, Azerbaijan",OPERATIONAL,2026-08-03,extra:coarse
ChIJzxTdG3d9MEARADNMVd6bXHc,Monument To Richard Sorge,tourist_attraction,40.3905976,49.83707700000001,,"9RRP+6RP, Baku, Azerbaijan",OPERATIONAL,2026-08-03,extra:coarse
ChIJ506b4Zp9MEAR6hzgtNCfNJs,Duty Free for Diplomats,shopping_mall,40.385916699999996,49.8245116,,"9RPF+9R6, İnşaatçılar prospekti, Bakı, Azerbaijan",OPERATIONAL,2026-08-03,extra:coarse
ChIJS3X9lqF9MEARQJDLTCZ-Ld0,Zoomaqazoo BAKU,shopping_mall,40.381722100000005,49.8385015,,"60 Səməd Vurğun, Bakı, Azerbaijan",OPERATIONAL,2026-08-03,extra:coarse
ChIJ_S3KInJ9MEAR4GUFVzgsJpI,İstikbal Mebel Bakikhanov St.,shopping_mall,40.3910538,49.8462685,,"2 B Bakıxanov Küçəsi, Bakı, Azerbaijan",OPERATIONAL,2026-08-03,extra:coarse
ChIJwxv4HgB9MEARsRepTH2aC1g,Süleyman Rəhimov küçəsi,tourist_attraction,40.378872699999995,49.8402296,,"9RHR+G3X, Süleyman Rəhimov küç., Bakı, Azerbaijan",OPERATIONAL,2026-08-03,extra:coarse
ChIJo9nVTvN9MEARYQcKV-i2CcY,Hayat Gallery,shopping_mall,40.3852384,49.8245331,,"9RPF+3RV, Baku, Azerbaijan",OPERATIONAL,2026-08-03,extra:coarse
ChIJf5MkuXl9MEARDDvRQD2W9oA,Skandinaviya Evi / Scandinavian House,shopping_mall,40.386629,49.8374454,,"86 Səməd Vurğun, Bakı 1007, Azerbaijan",OPERATIONAL,2026-08-03,extra:coarse
ChIJBRAsWl19MEARVMyMQcEc3l4,Ganjlik Mall,shopping_mall,40.4001309,49.8529446,,"14 Fətəli Xan Xoyski, Bakı, Azerbaijan",OPERATIONAL,2026-08-03,extra:coarse
ChIJvaY1oEB9MEARvT-oZ_LLwqg,Heydar Aliyev Center,tourist_attraction,40.3958984,49.867815099999994,,"1 Heydər Əliyev prospekti, Bakı 1033, Azerbaijan",OPERATIONAL,2026-08-03,extra:coarse
ChIJcwY_uk59MEAR_XRKJ01MHmU,Metropark Shopping Mall,shopping_mall,40.4033866,49.872855699999995,,"106a Təbriz, Bakı, Azerbaijan",OPERATIONAL,2026-08-03,extra:coarse
ChIJW936G119MEARnOtG9GasflQ,Caspian Shopping Center,shopping_mall,40.4011869,49.854346,,"CV23+FPH, Baku, Azerbaijan",OPERATIONAL,2026-08-03,extra:coarse
ChIJi8b8DFl9MEARMjnsTK5l_cU,I Love Baku sign,tourist_attraction,40.3939972,49.864816,,"1 Heydər Əliyev prospekti, Bakı 1000, Azerbaijan",OPERATIONAL,2026-08-03,extra:coarse
ChIJaan1JRV9MEAR_yVNSDuZ9sY,Təhsil Muzeyi,tourist_attraction,40.392270800000006,49.861309299999995,,"9VR6+WG3, Əbdüləzəl Dəmirçizadə küç, Bakı, Azerbaijan",OPERATIONAL,2026-08-03,extra:coarse
ChIJl9SeGU99MEARs9xklJ4YLbc,Panda Kids,shopping_mall,40.402777799999996,49.8697222,,"98 Təbriz, Bakı 1001, Azerbaijan",OPERATIONAL,2026-08-03,extra:coarse
ChIJlbfZ9n99MEARlMB-V8uus9o,Hyundai Servis,shopping_mall,40.4047511,49.8591125,,"139 Həsən Əliyev Küçəsi, Bakı, Azerbaijan",OPERATIONAL,2026-08-03,extra:coarse
ChIJY2PveQB9MEARfz0lwUm3RT0,Sumqayıt,tourist_attraction,40.4091235,49.8647652,,"CV57+JWR, Baku, Azerbaijan",OPERATIONAL,2026-08-03,extra:coarse
ChIJVRtS60V9MEAROBjLyhIntSk,Viplife,shopping_mall,40.4014386,49.866840599999996,,"b, 19 Ashig Molla Juma, Baku, Azerbaijan",OPERATIONAL,2026-08-03,extra:coarse
ChIJoxTHVKljMEARxVsRAkkSptU,City Park Mall,shopping_mall,40.389561,49.891190699999996,,"28 Babək Prospekti, Bakı, Azerbaijan",OPERATIONAL,2026-08-03,extra:coarse
ChIJiwgEZQB9MEARfCapYpxsYQ4,Baku City Mall,shopping_mall,40.389661499999995,49.891482599999996,,"9VQR+VH9, Baku, Azerbaijan",OPERATIONAL,2026-08-03,extra:coarse
ChIJOTMuQ0V9MEAR8Lst14BNNdU,Qəbələ Təndir,tourist_attraction,40.3905726,49.8890136,,"Babək Prospekti, Bakı, Azerbaijan",OPERATIONAL,2026-08-03,extra:coarse
ChIJs_oC9XV9MEAR0MO2wANXWhE,Skandinaviya evi,shopping_mall,40.3887311,49.8710586,,"10b Babək Prospekti, Bakı 1025, Azerbaijan",OPERATIONAL,2026-08-03,extra:coarse
ChIJZRDLTm99MEAR5CYh8DvoIrI,Bənövşə Gül Salonu,shopping_mall,40.402864300000005,49.8725727,,"44 Ağa Nemətulla, Bakı 1033, Azerbaijan",OPERATIONAL,2026-08-03,extra:coarse
ChIJL3f1cwB9MEARoNW0W4XytSc,Saç satışı merkezi,shopping_mall,40.4025653,49.874684699999996,,"189c Faiq Yusifov, Bakı, Azerbaijan",OPERATIONAL,2026-08-03,extra:coarse
ChIJn4AullN9MEAR4P-yvdQBj2U,Mərmər Qranit Dizayn İnşaat,shopping_mall,40.3898789,49.8931258,,"2222 məh, 31K Babak Ave, Baku, Azerbaijan",OPERATIONAL,2026-08-03,extra:coarse
ChIJC2k7wGxjMEARwKYoRGj4-K0,Qadjibek's Garage,shopping_mall,40.4087198,49.881681099999994,,"CV5J+FMM, Baku, Azerbaijan",OPERATIONAL,2026-08-03,extra:coarse
ChIJzwoSBSt9MEARUypsGEDRBRM,Keşlə Butik,shopping_mall,40.3971113,49.8924203,,"9VWR+RXV, 4-cü Köndələn, Bakı, Azerbaijan",OPERATIONAL,2026-08-03,extra:coarse
ChIJaU6qEQB9MEARQan_bUjxai4,Xəyal,shopping_mall,40.397620599999996,49.877926699999996,,"r-nu, 26 Ağa Nemətulla, Bakı, Azerbaijan",OPERATIONAL,2026-08-03,extra:coarse
ChIJ4YCcnTh9MEAR6Jhfwj30Ebw,Bagno Design,shopping_mall,40.3967619,49.870446,,"4 A Həsənoğlu, Bakı, Azerbaijan",OPERATIONAL,2026-08-03,extra:coarse
ChIJyUHDT5iHMEARH1EgkWM9DSg,Moskva Ticarət Mərkəzi,shopping_mall,40.410019299999995,49.8126623,,"15A Məmməd Cəfər Cəfərov, Bakı, Azerbaijan",OPERATIONAL,2026-08-03,extra:coarse
ChIJsa-XZX6HMEAR1gEVRIlR2RQ,Əcəmi Mall Ticarət Mərkəzi,shopping_mall,40.411052399999996,49.818801799999996,,"120 Hüseynbala Əliyev küçəsi, Bakı, Azerbaijan",OPERATIONAL,2026-08-03,extra:coarse
ChIJxcRsmq2HMEARsQxKwLGwnng,Baku Outlet Park,shopping_mall,40.417486499999995,49.798539899999994,,"Сумгаитское шоссе, 3 км., Baku, Azerbaijan",OPERATIONAL,2026-08-03,extra:coarse
ChIJLVU1ewCHMEARmqaFPma3Cxw,Cavadxan 3A,tourist_attraction,40.4201354,49.8178516,,"CRC9+345, Baku, Azerbaijan",OPERATIONAL,2026-08-03,extra:coarse
ChIJ04ziflqHMEARGsu0lha-9tg,Megafon,shopping_mall,40.4123646,49.8081059,,"CR65+W6X, 20 Yanvar, Bakı, Azerbaijan",OPERATIONAL,2026-08-03,extra:coarse
ChIJAVeNRQCHMEARJM0uFdHI9g4,Seel butik,shopping_mall,40.4107822,49.816683,,"Hüseynbala Əliyev küçəsi, Bakı 1111, Azerbaijan",OPERATIONAL,2026-08-03,extra:coarse
ChIJTbBv9rKHMEARRvXx0zEGfok,EGO Otomotiv,shopping_mall,40.422937499999996,49.7971875,,"Baku, Azerbaijan",OPERATIONAL,2026-08-03,extra:coarse
ChIJ2-rkOPGHMEARJPu1v9ouMGY,Fame Mall Bileceri,shopping_mall,40.4211996,49.799282999999996,,"Bileceri dairesi, CQCX+FPF, Baku, Azerbaijan",OPERATIONAL,2026-08-03,extra:coarse
ChIJnxYy5paHMEAR_8soQvqujW4,M-style qadın geyimləri,shopping_mall,40.411433099999996,49.8196278,,"CR69+HVC, Hüseynbala Əliyev küçəsi, Bakı, Azerbaijan",OPERATIONAL,2026-08-03,extra:coarse
ChIJT1UrWC-HMEARXDm7b6-UUuI,Endi market,shopping_mall,40.4170339,49.8061205,,"CR84+RC9, Baku 1102, Azerbaijan",OPERATIONAL,2026-08-03,extra:coarse
ChIJm4GRdwCHMEARVespUOp1zSc,Orxan Market,shopping_mall,40.4191366,49.7950649,,"CQ9W+MC3, Baku, Azerbaijan",OPERATIONAL,2026-08-03,extra:coarse
ChIJ_fvkbQCHMEARAoSuOEaVx1E,Yeni bazar,shopping_mall,40.4067351,49.8197216,,"48 Alı Mustafayev, Bakı 1102, Azerbaijan",OPERATIONAL,2026-08-03,extra:coarse
ChIJu0iSwcaHMEARspw4vPYdj-4,Qab-qacaq əcəmi,shopping_mall,40.4113162,49.8189006,,"CR69+GHC, Hüseynbala Əliyev küçəsi, Bakı, Azerbaijan",OPERATIONAL,2026-08-03,extra:coarse
ChIJL0kbjJ59MEARMK6Tg-SDJvo,Instyle,shopping_mall,40.410370199999996,49.81539430000001,,"6A Hüseynbala Əliyev küçəsi, Bakı, Azerbaijan",OPERATIONAL,2026-08-03,extra:coarse
ChIJA76cIGCHMEARMQEOq88kbK4,Azadın kruqu,tourist_attraction,40.4106326,49.8150312,,"CR68+722, Cavadxan, Bakı, Azerbaijan",OPERATIONAL,2026-08-03,extra:coarse
ChIJeRMiCj2HMEARvFQwfg_ynlU,CATDIRILMA UNVANI,shopping_mall,40.4177269,49.8141188,,"20 Hüseyn Seyidzadə küçəsi, Bakı, Azerbaijan",OPERATIONAL,2026-08-03,extra:coarse
ChIJezPwTNCHMEAR5Dv2J5UEkRU,Heydar Mosque,tourist_attraction,40.4287837,49.8242054,,"Hamza Babashov, Baku, Azerbaijan",OPERATIONAL,2026-08-03,extra:coarse
ChIJe6SNufqHMEARMjJJLwNamwg,Gold Parfum,shopping_mall,40.4154491,49.84626120000001,,"62 Atatürk prospekti, Bakı, Azerbaijan",OPERATIONAL,2026-08-03,extra:coarse
ChIJ64YkuF2HMEARoOUCUptaoQI,Neon kitab mağazası,shopping_mall,40.4214154,49.84305680000001,,"CRCV+H67, Ibrahimpaşa Dadaşov, Bakı, Azerbaijan",OPERATIONAL,2026-08-03,extra:coarse
ChIJ4YeNK2J9MEARxJtOh438yQE,Everest Market,shopping_mall,40.4012739,49.8394389,,"94 Mirəli Qaşqay, Bakı, Azerbaijan",OPERATIONAL,2026-08-03,extra:coarse
ChIJJ9wzeOOHMEARIkjn7rdbNHc,Rerapier,shopping_mall,40.4194008,49.848724999999995,,"CR9X+RH3 cefer xendan 202B, CR9X+RH3, Baku, Azerbaijan",OPERATIONAL,2026-08-03,extra:coarse
ChIJHx5LJ56HMEARGn452UAN3Og,Gence Tendir,shopping_mall,40.4101225,49.8442787,,"CR6V+2PR, Ibrahimpaşa Dadaşov, Bakı, Azerbaijan",OPERATIONAL,2026-08-03,extra:coarse
ChIJHVhU4-mHMEAR02pR0HUY0yE,İÇDENİZ,shopping_mall,40.4173937,49.8398027,,"36 Cəfər Xəndan Küçəsi, Bakı, Azerbaijan",OPERATIONAL,2026-08-03,extra:coarse
ChIJYQCMRGGHMEAReDPkF7ZLr_E,Lady Sharm Azadliq,shopping_mall,40.417746099999995,49.8405329,,"CR9R+36V, Cəfər Xəndan Küçəsi, Bakı, Azerbaijan",OPERATIONAL,2026-08-03,extra:coarse
ChIJfe1U_vCHMEARlNyXthH_zk0,EDEL MEBEL,shopping_mall,40.4128632,49.844551300000006,,"CR7V+4RV, Ziya Bünyadov, Baku, Azerbaijan",OPERATIONAL,2026-08-03,extra:coarse
ChIJbaORmD6HMEARA5G_wdQt9rQ,Love Me Moda,shopping_mall,40.4246432,49.8425852,,"91 Ibrahimpaşa Dadaşov, Bakı, Azerbaijan",OPERATIONAL,2026-08-03,extra:coarse
ChIJQXPts-KHMEARyitBMWbASp4,Elite Ticarət və Əyləncə Mərkəzi,shopping_mall,40.419776999999996,49.85428,,"CV93+WP6, Əcəmi Naxçıvani, Bakı, Azerbaijan",OPERATIONAL,2026-08-03,extra:coarse
ChIJEXd2Mf2HMEARnaAD-eqdB0w,Baku Karting Event Center,tourist_attraction,40.419776999999996,49.85428,,"Elite Ticarət Mərkəzi, Əcəmi Naxçıvani, Bakı, Azerbaijan",OPERATIONAL,2026-08-03,extra:coarse
ChIJqZYAuFF9MEARF8uFVq4yBxA,Aztex Plaza,shopping_mall,40.413601199999995,49.8587151,,"31 Əhməd Rəcəbli, Bakı, Azerbaijan",OPERATIONAL,2026-08-03,extra:coarse
ChIJS0aHKQ59MEAR1ZIaulLmiig,Fanicular,tourist_attraction,40.409261699999995,49.8670924,,"CV58+PR4, Baku, Azerbaijan",OPERATIONAL,2026-08-03,extra:coarse
ChIJ606hdQB9MEAR14sYdD4VTV0,Azermedical mmc,shopping_mall,40.4086567,49.8602881,,"CV56+C5V, Baku, Azerbaijan",OPERATIONAL,2026-08-03,extra:coarse
ChIJTdh3WACHMEARGrSFzcyHiis,Ahmed recebli,shopping_mall,40.415686799999996,49.858902799999996,,"CV85+7HC, Əhməd Rəcəbli, Bakı, Azerbaijan",OPERATIONAL,2026-08-03,extra:coarse
ChIJg_jRUlF9MEARPAkoTxm8c_U,Tech Plaza,shopping_mall,40.413523,49.8579876,,"CV75+C55, Əhməd Rəcəbli, Bakı, Azerbaijan",OPERATIONAL,2026-08-03,extra:coarse
ChIJP7R3SUR9MEARbxpSWT7vsWE,Azikcavid,shopping_mall,40.4005309,49.864641999999996,,"CV27+6V6, Həsənoğlu, Bakı, Azerbaijan",OPERATIONAL,2026-08-03,extra:coarse
ChIJKTav-kF9MEAR864vCIBituk,Navis Store Baku,shopping_mall,40.402890299999996,49.870008,,"98 Təbriz, Bakı, Azerbaijan",OPERATIONAL,2026-08-03,extra:coarse
ChIJkTv0UTtjMEARNDfoVN8KByI,AS Mebel Aksesuar,shopping_mall,40.4273175,49.899815499999995,,"Ziya Bunyadov, Bakı, Azerbaijan",OPERATIONAL,2026-08-03,extra:coarse
ChIJb0MBLyaIMEAREGoOxJbjNbM,Opel-Dernegul,shopping_mall,40.4295878,49.894799199999994,,"40°25'46. 49°53'41., 2""N M-5, Dəliməmmədli 2216, Azerbaijan",OPERATIONAL,2026-08-03,extra:coarse
ChIJgU3Lw5uHMEAR5UgxwTBTaeE,Gitex.az,shopping_mall,40.405934599999995,49.874379399999995,,"20F Əşrəf Əliyev, Bakı, Azerbaijan",OPERATIONAL,2026-08-03,extra:coarse
ChIJKUzWX5l9MEARn5ouh5Kvzys,"""Yol-Nişan"" MMC",shopping_mall,40.4212597,49.888547599999995,,"10 Araz küçəsi, Bakı, Azerbaijan",OPERATIONAL,2026-08-03,extra:coarse
ChIJrwACZFJ9MEAR9AI9Q1rlkss,Elf Studio,shopping_mall,40.4077956,49.8711869,,"Metro, Studio, 38 Faiq Yusifov, Elf, Azerbaijan",OPERATIONAL,2026-08-03,extra:coarse
ChIJm07kcACJMEARqt7_GDA0P90,Ehmed recebli,shopping_mall,40.426475100000005,49.8903344,,"CVGR+H4, Baku, Azerbaijan",OPERATIONAL,2026-08-03,extra:coarse
ChIJN50yPx6IMEARf6jBULrBDFo,Universal-Lift,shopping_mall,40.422503999999996,49.882402,,"40°25'21.0""N 49°52'56., 6th, Sumgayit, Azerbaijan",OPERATIONAL,2026-08-03,extra:coarse
ChIJjyw-ZACJMEARM7yBGM7fS2E,Tok grop dizayın isdilik sistemi,shopping_mall,40.4255746,49.8788358,,"67a Ziya Bunyadov, Bakı, Azerbaijan",OPERATIONAL,2026-08-03,extra:coarse
ChIJAUIGagB9MEARhrrRETjPa_g,Anarin Adamın mekani,tourist_attraction,40.4049316,49.874496199999996,,"127 Fətəli Xan Xoyski, Bakı, Azerbaijan",OPERATIONAL,2026-08-03,extra:coarse
ChIJ05jksOSHMEARcLqu1s6mIFw,Biləcəri Meydanı,tourist_attraction,40.432116,49.8049025,,"CRJ3+RXR, Baku, Azerbaijan",OPERATIONAL,2026-08-03,extra:coarse
ChIJGWh6r6WHMEAR-rg-AOwLqVQ,Biləcəri tort ləvazimatları,shopping_mall,40.431272,49.809911199999995,,"5 Natavan Street, Bakı, Azerbaijan",OPERATIONAL,2026-08-03,extra:coarse
ChIJcyW1R7mHMEARWhJXhcDLTS8,Al Market 3598,shopping_mall,40.437516099999996,49.8051842,,"CRQ4+233, Asəf Zeynallı küçəsi, Bakı, Azerbaijan",OPERATIONAL,2026-08-03,extra:coarse
ChIJ9x5DV82HMEARDD2GgpP3JqE,MEHRIBAN Market,shopping_mall,40.4322983,49.8152881,,"76 Yəhya Hüseynov, Bakı, Azerbaijan",OPERATIONAL,2026-08-03,extra:coarse
ChIJ8Z4-nfmHMEARp1r92JxcIsU,Mebel aksesuarlari,shopping_mall,40.4385014,49.805103499999994,,"CRQ4+C25 nicat hamamın, yaxinliqi, Azerbaijan",OPERATIONAL,2026-08-03,extra:coarse
ChIJk4PRFwCHMEARCyt1_Dk0c2A,Məhəmməd Xəlilli küçəsi,tourist_attraction,40.4363081,49.806186999999994,,"CRP4+GFF, Baku, Azerbaijan",OPERATIONAL,2026-08-03,extra:coarse
ChIJc9xPY1KHMEARaFJkZbQf9fE,Dam örtükləri,shopping_mall,40.4385014,49.805103499999994,,"CRQ4+C25 EuroHome Bileceri, Bakı, Azerbaijan",OPERATIONAL,2026-08-03,extra:coarse
ChIJY0B69rKHMEARWx-Y-2m_QsI,Isuzu&Daewoo Bus Ehtiyat Hisseleri Satis Magazasi,shopping_mall,40.4231015,49.7973588,,"Bakı şəhəri Bineqedi ray .Biləci enişiəri enişi, R.ismayılov, Bakı 1117, Azerbaijan",OPERATIONAL,2026-08-03,extra:coarse
ChIJb-FyP8KHMEARTReSXZQNW-A,AL MARKET 3613,shopping_mall,40.4390626,49.8006524,,"CRQ2+M6, Baku, Azerbaijan",OPERATIONAL,2026-08-03,extra:coarse
ChIJC97kZ7KHMEAR0SmbAUsSigE,Refi,tourist_attraction,40.4342849,49.8150469,,"40 Əhməd Qasımov, Bakı 1117, Azerbaijan",OPERATIONAL,2026-08-03,extra:coarse
ChIJw7tdp5aHMEARa4WXHAjT_GA,Cavid Market,shopping_mall,40.4380777,49.790931099999995,,"CQQR+69M, Asəf Zeynallı küçəsi, Bakı, Azerbaijan",OPERATIONAL,2026-08-03,extra:coarse
ChIJC18vY5eHMEAR1J2N-8c_xDY,Keçmiş qazanxana qülləsi Biləcəri,tourist_attraction,40.435823,49.8058896,,"CRP4+89C, Baku, Azerbaijan",OPERATIONAL,2026-08-03,extra:coarse
ChIJN-KYsemHMEARv4aUw-WGOxc,Hədiyyələr Hədiyyə Satışı,shopping_mall,40.4385014,49.805103499999994,,"CRQ4+C25, Baku, Azerbaijan",OPERATIONAL,2026-08-03,extra:coarse
ChIJkb6sj_OHMEARB2KOMZDe2t0,Amirovh Media,shopping_mall,40.4385014,49.805103599999995,,"CRQ4+C25, Baku, Azerbaijan",OPERATIONAL,2026-08-03,extra:coarse
ChIJc4Vk2zGHMEARcfVbVG19G0Y,Biləcəri tekistil,shopping_mall,40.4375001,49.8019982,,"24 a Asəf Zeynallı, Bakı, Azerbaijan",OPERATIONAL,2026-08-03,extra:coarse
ChIJ0-c1Y3OIMEARdGrPgB22_Zg,Zera Fashion,shopping_mall,40.4293403,49.8494624,,"Abay Kunanbayev küçəsi, Bakı, Azerbaijan",OPERATIONAL,2026-08-03,extra:coarse
ChIJAQCQB9yHMEARgnOn63vjiyI,Ipekyolu Nesriyati,shopping_mall,40.426111,49.8347328,,"CRGM+CVX, Baku, Azerbaijan",OPERATIONAL,2026-08-03,extra:coarse
ChIJnX-MLfKJMEARXKvP3ypj0cY,Dostluq Ticarət Mərkəzi,shopping_mall,40.43626,49.844272600000004,,"CRPV+GP2, Baku, Azerbaijan",OPERATIONAL,2026-08-03,extra:coarse
ChIJ05OcJ6OJMEAR_GnZrTDaIVs,Mobi home,shopping_mall,40.429441499999996,49.849911399999996,,"156 Abay Kunanbayev küçəsi, Bakı, Azerbaijan",OPERATIONAL,2026-08-03,extra:coarse
ChIJFfHytaaHMEARDZMyfWgS7As,Yusifin Meyvə-Tərəvəzi,shopping_mall,40.4219334,49.8381438,,"184 Azadlıq Prospekti, Bakı, Azerbaijan",OPERATIONAL,2026-08-03,extra:coarse
ChIJeRVFapSHMEARlIzRV_elU4A,Terra perde,shopping_mall,40.4251029,49.8456465,,"CRGW+27R, Süleyman Sani Axundov küçəsi, Bakı, Azerbaijan",OPERATIONAL,2026-08-03,extra:coarse
ChIJQwWPBQCHMEARvWIaRaW4BUk,UREYIM TIBB MƏRKƏZI,tourist_attraction,40.4219494,49.835950399999994,,"CRCP+R8V, Baku, Azerbaijan",OPERATIONAL,2026-08-03,extra:coarse
ChIJB5ff_S6JMEAR0eyUKhpEFHE,Eldar Meyve - Terevez,shopping_mall,40.4363545,49.8426446,,"CRPR+GX3, Hüsəynov 10 Arif Hüseynov, Bakı, Azerbaijan",OPERATIONAL,2026-08-03,extra:coarse
ChIJvbH9DQCHMEARM9uxsdeqvhg,Gunelim Xonca,shopping_mall,40.4246524,49.824706299999995,,"112 Svetlana Məmmədova, Bakı, Azerbaijan",OPERATIONAL,2026-08-03,extra:coarse
ChIJrwrhMwCJMEAROsYl7LU5fAY,Trend Mall,shopping_mall,40.435997799999996,49.8446777,,"157 Azadlıq Prospekti, Bakı, Azerbaijan",OPERATIONAL,2026-08-03,extra:coarse
ChIJy7Xgip6HMEARfuCOyWFVR8U,Fatime Tekstil,shopping_mall,40.4252527,49.8418637,,"CRGR+4P5, Süleyman Sani Axundov, Bakı, Azerbaijan",OPERATIONAL,2026-08-03,extra:coarse
ChIJOYHKgUqJMEARq2HVKdss1k0,Mehandco,shopping_mall,40.4371369,49.850108,,"Baku 3700, Azerbaijan",OPERATIONAL,2026-08-03,extra:coarse
ChIJS7pmG2GJMEARe-BlZyaHj3c,NN 500 CHEVROLET CRUZE EHTIYYAT HISSELERI,shopping_mall,40.426186799999996,49.8470954,,"CRGW+FRH, Süleyman Sani Axundov küçəsi, Bakı, Azerbaijan",OPERATIONAL,2026-08-03,extra:coarse
ChIJs01IKgCHMEAReMZnbD7ZD6Y,AESTHETIC LAZURIA,tourist_attraction,40.423322899999995,49.8385817,,"Azadlıq Prospekti, Bakı, Azerbaijan",OPERATIONAL,2026-08-03,extra:coarse
ChIJyT4Q2dyJMEARtomtwx50Pg0,BAKSOL avto söküntü,shopping_mall,40.4347549,49.8644347,,"CVM7+WQ3, Dərnəgül 1, Bakı, Azerbaijan",OPERATIONAL,2026-08-03,extra:coarse
ChIJp2StAzaJMEARWc2gmf1qLv4,Bineqedi Muhafize Polisi,shopping_mall,40.4269025,49.850097399999996,,"CVG2+Q29, Baku, Azerbaijan",OPERATIONAL,2026-08-03,extra:coarse
ChIJARyj_ptiMEAR2eXqMks313U,Polikarbonat.az,shopping_mall,40.4248644,49.8648497,,"Ziya Bunyadov, Bakı, Azerbaijan",OPERATIONAL,2026-08-03,extra:coarse
ChIJy3GexvBjMEARD0A4Oq126PU,Iman CRANE Systems satış nöqtəsi,shopping_mall,40.4280693,49.872879999999995,,"Baku, Azerbaijan",OPERATIONAL,2026-08-03,extra:coarse
ChIJaaOa1WmIMEARLzFn1qKsOfs,Fiber Karton,shopping_mall,40.4392364,49.8603698,,"CVQ6+M4X, Baku, Azerbaijan",OPERATIONAL,2026-08-03,extra:coarse
ChIJ7w3wMZ2JMEARdlDSSMvRmmg,Florence,shopping_mall,40.4302479,49.872086200000005,,"CVJC+3RW Baksol yolu, Bakı, Azerbaijan",OPERATIONAL,2026-08-03,extra:coarse
ChIJSaxvc3OIMEARArewUeD8Gj0,Hilal Ət,shopping_mall,40.429876199999995,49.8502749,,"162, 162 Abay Kunanbayev küçəsi, Bakı, Azerbaijan",OPERATIONAL,2026-08-03,extra:coarse
ChIJQTgKGjaJMEARzddUzZo6_WU,MPM auto,shopping_mall,40.4264814,49.849214599999996,,"33 Süleyman Sani Axundov küçəsi, Bakı, Azerbaijan",OPERATIONAL,2026-08-03,extra:coarse
ChIJVeGRMgCJMEARxva6WlNNVxE,Semral Çerez,shopping_mall,40.421383999999996,49.8591329,,"CVC5+HM2, Baku, Azerbaijan",OPERATIONAL,2026-08-03,extra:coarse
ChIJR0gSjISJMEARyxxkvBBDkZ8,Firatboru Baş Ofis,shopping_mall,40.433479899999995,49.8912536,,"CVMR+9GR, Muzaffar Narimanov, Baku, Azerbaijan",OPERATIONAL,2026-08-03,extra:coarse
